id,title,employer,location,schedule,publication_date,link,description,timestamp,contact_info,application_method,full_description,extracted_urls,search_date,phone_number,email,source_site,company_size,application_links,posted,application_emails,contact_person,contact_phone,job_type,direct_application_url
111,"Softwareentwickler (w/m/d) - Python, Kotlin, C#, Java",Avantgarde Labs GmbH,Dresden (01069),,vor 20 Tagen,https://www.arbeitsagentur.de/jobsuche/jobdetail/13644-286562-S,"Kopfbereich
Arbeit
Anwendungsprogrammierer/in
Softwareentwickler (w/m/d) - Python, Kotlin, C#, Java
Avantgarde Labs GmbH
Dresden
ab sofort
vor 20 Tagen
Stellenbeschreibung
Vollständige Stellenbeschreibung bei unserem Kooperationspartner einsehen:
Externe Seite öffnen
Quelle: get in GmbH
Fußbereich
S...",1745939309,"Application Links:
Apply URL: https://www.get-in-it.de/jobsuche/p286562?utm_source=arbeitsagentur&amp;utm_medium=cpc&amp;utm_campaign=launch-basic
Apply URL: https://www.get-in-it.de/jobsuche/p286562?utm_source=arbeitsagentur&utm_medium=cpc&utm_campaign=launch-basic",,"Kopfbereich
Arbeit
Anwendungsprogrammierer/in
Softwareentwickler (w/m/d) - Python, Kotlin, C#, Java
Avantgarde Labs GmbH
Dresden
ab sofort
vor 20 Tagen
Stellenbeschreibung
Vollständige Stellenbeschreibung bei unserem Kooperationspartner einsehen:
Externe Seite öffnen
Quelle: get in GmbH
Fußbereich
Stelle betreut durch Arbeitgeber
Referenz-Nr.: 13644-286562-S
Zuletzt bearbeitet am: 09.04.2025
Verstoß melden",,2025-04-29 15:08:29.973481,,,Arbeitsagentur.de (Jobsuche),,"Apply URL: https://www.get-in-it.de/jobsuche/p286562?utm_source=arbeitsagentur&amp;utm_medium=cpc&amp;utm_campaign=launch-basic
Apply URL: https://www.get-in-it.de/jobsuche/p286562?utm_source=arbeitsagentur&utm_medium=cpc&utm_campaign=launch-basic",vor 20 Tagen,,,,"[""job""]",
109,"SoftwareentwicklerIN (JavaScript, Python, PHP) in Zella Mehlis (Teilzeit)",PAV Präzisionsteile Deutschl. GmbH,Zella-Mehlis (98544),,vor 11 Tagen,https://www.arbeitsagentur.de/jobsuche/jobdetail/10001-1001362727-S,"SoftwareentwicklerIN (JavaScript, Python, PHP) in Zella Mehlis (Teilzeit)
Kopfbereich
Arbeit
Softwareentwickler/in
SoftwareentwicklerIN (JavaScript, Python, PHP) in Zella Mehlis (Teilzeit)
PAV Präzisionsteile Deutschl. GmbH
Teilzeit (Vormittag, Nachmittag, Abend)
Zella-Mehlis
ab sofort
unbefristet
v...",1745939292,"Application Links:
Apply URL: https://www.arbeitsagentur.de/jobsuche/suche?kundennummer=H99JuS3YPndA8r1Ik8QHrorUYBPjYQ4VetDmCA2bk8c=__del__PAV%20Pr%C3%A4zisionsteile%20Deutschl.%20GmbH&amp;angebotsart=1
Apply URL: https://www.arbeitsagentur.de/jobsuche/jobdetail/10001-1001362727-S",,"SoftwareentwicklerIN (JavaScript, Python, PHP) in Zella Mehlis (Teilzeit)
Kopfbereich
Arbeit
Softwareentwickler/in
SoftwareentwicklerIN (JavaScript, Python, PHP) in Zella Mehlis (Teilzeit)
PAV Präzisionsteile Deutschl. GmbH
Teilzeit (Vormittag, Nachmittag, Abend)
Zella-Mehlis
ab sofort
unbefristet
vor 11 Tagen
Stellenbeschreibung
Standort: Zella-Mehlis | teilweise HomeOffice möglich (nach Einarbeitung) | Flexible Arbeitszeiten
PAV sucht einen erfahrenen Softwareentwickler (m/w/d), der innovative Softwarelösungen entwickelt und zur Weiterentwicklung der IRT-Architektur beiträgt.
Ihre Aufgaben:
Entwicklung, Wartung und Optimierung von Softwareanwendungen
Umsetzung neuer Features und technische Weiterentwicklung bestehender Systeme
Erstellung von Unit- und Integrationstests zur Sicherstellung der Softwarequalität
Enge Zusammenarbeit mit dem Team zur kontinuierlichen Verbesserung der Anwendungen
Ihr Profil:
Abgeschlossenes Studium der Informatik oder eine Ausbildung als Fachinformatiker für Anwendungsentwicklung
Mehrjährige Berufserfahrung in der Softwareentwicklung
Sehr gute Kenntnisse in JavaScript, Python und PHP
Strukturierte und lösungsorientierte Arbeitsweise
Wir bieten:
Flexible Arbeitszeiten und die Möglichkeit, nach der Einarbeitung im Home Office zu arbeiten",,2025-04-29 15:08:12.899526,,,Arbeitsagentur.de (Jobsuche),,"Apply URL: https://www.arbeitsagentur.de/jobsuche/suche?kundennummer=H99JuS3YPndA8r1Ik8QHrorUYBPjYQ4VetDmCA2bk8c=__del__PAV%20Pr%C3%A4zisionsteile%20Deutschl.%20GmbH&amp;angebotsart=1
Apply URL: https://www.arbeitsagentur.de/jobsuche/jobdetail/10001-1001362727-S",vor 11 Tagen,,,,"[""Teilzeit""]",
106,Softwareentwickler Python für hardwarenahe Produktentwicklung (m/w/d),Fair Parken GmbH,Düsseldorf (40235),,vor 30+ Tagen,https://www.arbeitsagentur.de/jobsuche/jobdetail/18295-0054580248-S,"Softwareentwickler Python für hardwarenahe Produktentwicklung (m/w/d)
Kopfbereich
Arbeit
Fachinformatiker/in - Anwendungsentwicklung
Softwareentwickler Python für hardwarenahe Produktentwicklung (m/w/d)
Fair Parken GmbH
Vollzeit
Düsseldorf
ab sofort
vor 30+ Tagen
Stellenbeschreibung
Deine Aufgaben:
...",1745939273,"Application Links:
Apply URL: https://www.arbeitsagentur.de/jobsuche/suche?kundennummer=QggKcRZQIMge6D6dNtx6nhwHMZxo_2BdBRcUSrSJ_cM=__del__Fair%20Parken%20GmbH&amp;angebotsart=1
Apply URL: https://www.arbeitsagentur.de/jobsuche/jobdetail/18295-0054580248-S",,"Softwareentwickler Python für hardwarenahe Produktentwicklung (m/w/d)
Kopfbereich
Arbeit
Fachinformatiker/in - Anwendungsentwicklung
Softwareentwickler Python für hardwarenahe Produktentwicklung (m/w/d)
Fair Parken GmbH
Vollzeit
Düsseldorf
ab sofort
vor 30+ Tagen
Stellenbeschreibung
Deine Aufgaben:
Weiterentwicklung und Skalierung bestehender hardwarenaher Softwareprodukte für Schaltschranksysteme
Kontinuierliche Optimierung von Produktlösungen wie LCD-Monitoren, LED-Displays und Schrankensteuerungen
Strategische und operative Produktentwicklung als technischer Experte
Architekturplanung und technische Konzeption innovativer Lösungen
Koordination und Kommunikation mit internen Teams und externen Kunden
Aufbau und Dokumentation von technischem Wissen innerhalb des Unternehmens
Deine Benefits:
Unbefristetes Arbeitsverhältnis in einem wachstumsstarken Unternehmen
30 Tage Urlaub
On top bieten wir dir einen monatlichen Fahrtkostenzuschuss – ganz egal, ob du mit Fahrrad, Bahn oder Auto unterwegs bist
Jobrad Leasing - unser Jobrad-Leasing bietet dir eine tolle Alternative zum ÖPNV und Auto. Du hältst dich fit, bist flexibel unterwegs und leistet gleichzeitig einen Beitrag für die Umwelt.
Mithilfe unseres intensiven Einarbeitungsprogramms wirst du bestens darauf vorbereitet, selbstständig zu arbeiten und hohe Verantwortung zu übernehmen
Wir denken voraus und sichern dich mit einer privaten Unfallversicherung sowie einer betrieblichen Altersvorsorge zusätzlich ab
Wir leben eine Open Door Policy, fördern offenen Dialog und gegenseitige Unterstützung. Unsere Duz-Kultur erleichtert dir den Einstieg zusätzlich
Wir stellen dir ein hochwertiges Notebook zur Verfügung. Individuell einstellbare, ergonomische Stühle und höhenverstellbare Tische bieten zusätzlichen Komfort im Büro
Du wünschst dir Flexibilität am Arbeitsplatz? Nach vorheriger Rücksprache mit deinem Vorgesetzen hast du die Möglichkeit, einfach und bequem aus dem Home Office zu arbeiten und erhältst hierfür die benötigte Ausstattung von uns.",,2025-04-29 15:07:53.338715,,,Arbeitsagentur.de (Jobsuche),,"Apply URL: https://www.arbeitsagentur.de/jobsuche/suche?kundennummer=QggKcRZQIMge6D6dNtx6nhwHMZxo_2BdBRcUSrSJ_cM=__del__Fair%20Parken%20GmbH&amp;angebotsart=1
Apply URL: https://www.arbeitsagentur.de/jobsuche/jobdetail/18295-0054580248-S",vor 30+ Tagen,,,,"[""job""]",
104,Software Entwickler Angular/.NET Core/Python (m/w/d),MeData EDV-Systeme GmbH,"Melle, Wiehengeb (49324)",,vor 30+ Tagen,https://www.arbeitsagentur.de/jobsuche/jobdetail/10000-1195444948-S,"Software Entwickler Angular/.NET Core/Python (m/w/d)
Kopfbereich
Arbeit
Softwareentwickler/in
Software Entwickler Angular/.NET Core/Python (m/w/d)
MeData EDV-Systeme GmbH
Vollzeit
Melle, Wiehengeb
ab sofort
unbefristet
vor 30+ Tagen
Stellenbeschreibung
MeData EDV-Systeme ist ein europaweit tätiges D...",1745939256,Email: karriere@medata.de,,"Software Entwickler Angular/.NET Core/Python (m/w/d)
Kopfbereich
Arbeit
Softwareentwickler/in
Software Entwickler Angular/.NET Core/Python (m/w/d)
MeData EDV-Systeme GmbH
Vollzeit
Melle, Wiehengeb
ab sofort
unbefristet
vor 30+ Tagen
Stellenbeschreibung
MeData EDV-Systeme ist ein europaweit tätiges Dienstleistungsunternehmen in der Energie- und Futtermittelbranche. Seit rund 35 Jahren entwickeln wir individuelle Soft- und Hardwarelösungen für die Bereiche Mineralölhandel, Tankstellen & Industriegase. Diese Branchen setzen in jüngster Zeit verstärkt auf Digitalisierung - ein Aufschwung, der sich auch bei MeData bemerkbar macht. Neben steigenden Umsätzen hat sich auch die Größe des Teams mehr als verdoppelt. Gemeinsam wollen wir auch neue Märkte erschließen.
Unsere modern ausgestatteten Büroräume bieten die ideale Atmosphäre, um den technischen Fortschritt in zeitgemäße Lösungen umzusetzen. Dabei stellen wir allen Mitarbeitenden modernste Arbeitsmittel zur Verfügung, die auf ihren Aufgabenbereich zugeschnitten sind.
Durch unser kontinuierliches Wachstum wollen wir diesen Bereich weiter ausbauen. Dafür suchen wir Dich als engagierten und technisch versierten Mitarbeiter.
Wir freuen uns, unser Team wieder verstärken zu können. Wir würden uns über erfahrene Unterstützung freuen, um den wachsenden Anforderungen unserer Kunden gerecht zu werden.
Das ist Dein Bereich:
Weiterentwicklung unserer eigenen Dispositionsanwendung
Weiterentwicklung eigener Software für mobile Systeme
Einarbeiten in die neuesten Technologien
Erstellung und Umsetzung von Konzepten
Durchführung hausinterner Schulungen
Folgende fachliche Kenntnisse sind erforderlich:",,2025-04-29 15:07:36.776774,,karriere@medata.de,Arbeitsagentur.de (Jobsuche),,"Apply URL: https://www.arbeitsagentur.de/jobsuche/suche?kundennummer=PXUl-smKWtkJhRa1IAf9Ov8Z_RGZIEQUTKcyYEMXcSM=__del__MeData%20EDV-Systeme%20GmbH&amp;angebotsart=1
Apply URL: https://www.arbeitsagentur.de/jobsuche/jobdetail/10000-1195444948-S",vor 30+ Tagen,,,,"[""job""]",
102,Fachinformatiker - Anwendungsentwicklung .NET C# Python KI (m/w/d),Storeserver Systems GmbH,Stuttgart (70174),,vor 28 Tagen,https://www.arbeitsagentur.de/jobsuche/jobdetail/10000-1202081508-S,"Fachinformatiker - Anwendungsentwicklung .NET C# Python KI (m/w/d)
Kopfbereich
Arbeit
Fachinformatiker/in - Anwendungsentwicklung
Fachinformatiker - Anwendungsentwicklung .NET C# Python KI (m/w/d)
Storeserver Systems GmbH
Vollzeit
Heimarbeit/Telearbeit
Stuttgart
ab sofort
vor 28 Tagen
Stellenbeschre...",1745939240,Email: personal@storeserver.net,,"Fachinformatiker - Anwendungsentwicklung .NET C# Python KI (m/w/d)
Kopfbereich
Arbeit
Fachinformatiker/in - Anwendungsentwicklung
Fachinformatiker - Anwendungsentwicklung .NET C# Python KI (m/w/d)
Storeserver Systems GmbH
Vollzeit
Heimarbeit/Telearbeit
Stuttgart
ab sofort
vor 28 Tagen
Stellenbeschreibung
Hast du Lust in einem kleinen motivierten Team zu arbeiten? Bei uns ist jeder gleichgewichtig und kann seine Ideen und Vorschläge einbringen! Wir entwickeln nicht trocken nach Spezifikation, sondern gemeinsam im Team die beste Lösung, bei der sich jeder mit seinem Wissen einbringen kann!
Wir sind ein kleines Stuttgarter Software-Unternehmen im Bereich elektronischer Produktkataloge mit flachen Hierarchien und viel Raum für eigene Ideen und eigenverantwortliches Arbeiten!
Alle Anwendungen sind selbst entwickelt und auf einem spannenden Technik-Stack:
• Hauptanwendung in C# / ASP.NET
• Große SQL-Server-Datenbanken vieler internationaler Unternehmen
• Künstliche Intelligenz mit Python und TensorFlow
• Docker / Microservices in Swarm Architecture
Dein Aufgabengebiet:
• Programmierungen von Microsoft. NET / C#
• Weiterentwicklungen in unserer Softwarepalette
• Arbeiten in Microsoft SQL-Server / XML / IIS / ASP.NET Bereich
Dein Profil:
• Eine Ausbildung zum Fachinformatiker/ Studium der Informatik oder ähnliches
• Gute Kenntnisse in C#, MS SQL und ASP.NET
• Interesse an künstlicher Intelligenz oder Erfahrung in diesem Umfeld
• Teamfähigkeit und eigenverantwortliches Arbeiten
• Gute Kommunikations-Skills",,2025-04-29 15:07:20.052479,,personal@storeserver.net,Arbeitsagentur.de (Jobsuche),,"Apply URL: https://www.arbeitsagentur.de/jobsuche/suche?kundennummer=K1n45y_CJ-hZlLDHOj12UerQTFDz_mtWGPyM3Awxrxw=__del__Storeserver%20Systems%20GmbH&amp;angebotsart=1
Apply URL: https://www.arbeitsagentur.de/jobsuche/jobdetail/10000-1202081508-S",vor 28 Tagen,,,,"[""job""]",
100,Entwickler Ferndiagnose - Python (m/w/d),Hays Professional Solutions GmbH Standort Nürnberg,Mülheim an der Ruhr,,2025-04-04,https://www.arbeitsagentur.de/jobsuche/jobdetail/13319-815457/1_544236LS-S,,1745939209,,,,,2025-04-29 15:06:49.033360,,,Arbeitsagentur.de (Jobsuche),,,,,,,"[""job""]",
97,Senior Java/Python Backend Developer (m/w/d),Exclusive Associates,Bremen (28195),,Gestern,https://www.arbeitsagentur.de/jobsuche/jobdetail/12288-4211508935-S,"Kopfbereich
Arbeit
Backend-Entwickler/in
Senior Java/Python Backend Developer (m/w/d)
Exclusive Associates
Vollzeit
Bremen
ab sofort
unbefristet
Gestern
Stellenbeschreibung
Vollständige Stellenbeschreibung bei unserem Kooperationspartner einsehen:
Externe Seite öffnen
Quelle: XING GmbH & Co. KG
Fußb...",1745939192,Email: na.bamrolia@exclusive.de.com,,"Kopfbereich
Arbeit
Backend-Entwickler/in
Senior Java/Python Backend Developer (m/w/d)
Exclusive Associates
Vollzeit
Bremen
ab sofort
unbefristet
Gestern
Stellenbeschreibung
Vollständige Stellenbeschreibung bei unserem Kooperationspartner einsehen:
Externe Seite öffnen
Quelle: XING GmbH & Co. KG
Fußbereich
Stelle betreut durch Arbeitgeber
Referenz-Nr.: 12288-4211508935-S
Zuletzt bearbeitet am: 28.04.2025
Verstoß melden",,2025-04-29 15:06:32.598869,,na.bamrolia@exclusive.de.com,Arbeitsagentur.de (Jobsuche),,"Apply URL: https://www.persy.jobs/persy/l/job-fgtqx-b
Apply URL: https://www.persy.jobs/persy/l/job-fgtqx-b",Gestern,,,,"[""job""]",
95,Fullstack-Entwickler Python (m/w/d) - 156-7650,top itservices AG,Norderstedt (22846),,vor 14 Tagen,https://www.arbeitsagentur.de/jobsuche/jobdetail/16115-156_7650_JB4731259-S,"Fullstack-Entwickler Python (m/w/d) - 156-7650
Kopfbereich
Arbeit
Softwareentwickler/in
Fullstack-Entwickler Python (m/w/d) - 156-7650
top itservices AG
Vollzeit
Norderstedt
ab sofort
vor 14 Tagen
Stellenbeschreibung
Stelle im Rahmen der Personalvermittlung
Kompetent, persönlich und initiativ - das ...",1745939175,Email: job-69@top-itservices.com,,"Fullstack-Entwickler Python (m/w/d) - 156-7650
Kopfbereich
Arbeit
Softwareentwickler/in
Fullstack-Entwickler Python (m/w/d) - 156-7650
top itservices AG
Vollzeit
Norderstedt
ab sofort
vor 14 Tagen
Stellenbeschreibung
Stelle im Rahmen der Personalvermittlung
Kompetent, persönlich und initiativ - das ist die top itservices AG. Wir beraten Unternehmen ganzheitlich in ihren IT-Projekten und unterstützen sie durch die professionelle Vermittlung von Fach- und Führungskräften. Für Festanstellungen, Projekte oder auf Zeit.
Sie suchen Ihre nächste Herausforderung? Dann suchen wir Sie!
Gemeinsam möchten wir einen signifikanten Mehrwert sowohl für Ihre individuelle Entwicklung als auch für den Erfolg unserer Kunden schaffen!
Nehmen Sie die Herausforderung an und besetzen Sie mit uns eine vakante Position in Festanstellung als Fullstack-Entwickler Python (m/w/d).
FULLSTACK-ENTWICKLER (M/W/D)
Zu Ihren Aufgaben gehört
• Weiterentwicklung unternehmenskritischer Anwendungen
• Konzeption und Implementierung von Webanwendungen
• Entwicklung und Pflege von APIs sowie Schnittstellen
• Zusammenarbeit mit Fachabteilungen zur Anforderungsumsetzung
Erforderliche Kenntnisse
• Abgeschlossenes Studium der Informatik oder eine vergleichbare Qualifikation
• Erfahrung in Webtechnologien, z. B. HTML5 oder CSS3
• Routinierter Umgang in der Programmierung mit Python sowie in den Frameworks Flask oder FastAPI
• Know-how in der Entwicklung und Integration von Schnittstellen
• Sehr gute Deutsch- sowie gute Englischkenntnisse in Wort und Schrift",,2025-04-29 15:06:15.411175,,job-69@top-itservices.com,Arbeitsagentur.de (Jobsuche),,"Apply URL: https://www.arbeitsagentur.de/jobsuche/suche?kundennummer=GysloE_eDmNfd3hUVT6Nji1cXRSFZXhmra0nT9IPpXQ=__del__top%20itservices%20AG&amp;angebotsart=1
Apply URL: https://www.arbeitsagentur.de/jobsuche/jobdetail/16115-156_7650_JB4731259-S",vor 14 Tagen,,,,"[""job""]",
94,Embedded Softwareentwickler (m/w/d) mit C/C++ oder Python (Softwareentwickler/in),Arinko Stuttgart GmbH,"Germany: Stuttgart, urban district",Full-time,31/01/2025,https://europa.eu/eures/portal/jv-se/jv-details/MTQ3NjktazM3MTQ1LjE2NzItUyAx?lang=en,Stellenangebotsbeschreibung:  Engineering 4.0  Embedded Softwareentwickler (m/w/d) mit C/C++ oder Python in Stuttgart  Wer sind wir?  ARINKO Stuttgart GmbH - als innovatives Ingenieurbüro entwickeln wir in engem Austausch mit unseren Kunden technisch...,1745939162,"Julia CocosARINKO Stuttgart GmbH, Max-Planck-Str. 29, 70736 Fellbach, Württemberg, Deutschland, Baden-WürttembergRems-Murr district  -GermanyTel.:+49 711 52089190Email:Bewerbung@arinko.de","Gewünschte Bewerbungsarten: per E-Mail, über Internet

Internetadresse: https://k37145.coveto.de/job-embedded-softwareentwickler-m-w-d-mit-c-c-oder-python-stuttgart-1672.html

Angaben zur Bewerbung: Lebenslauf, Zeugnisse

Stellenangebot-Details in der Jobsuche der BA aufrufen:14769-k37145.1672-S","Engineering 4.0Embedded Softwareentwickler (m/w/d) mit C/C++ oder Python in StuttgartWer sind wir?ARINKO Stuttgart GmbH - als innovatives Ingenieurbüro entwickeln wir in engem Austausch mit unseren Kunden technische Lösungen für den Maschinen- und Anlagenbau sowie für die IT. Dabei bilden unsere 70 Mitarbeiter die Basis unseres Erfolgs und widmen sich täglich neuen spannenden Projekten, sowohl in unserem Büro als auch bei unseren Kunden vor Ort. Unser Denken und Handeln ist geprägt durch Vertrauen, Respekt und Wertschätzung - wir betreuen unsere Kollegen individuell und bieten ihnen beste Perspektiven: Durch kontinuierliche Weiterbildung sind sie stets auf dem neuesten Stand. Bei ARINKO haben auch Sie alle Möglichkeiten, Ihre Karriere auf lange Sicht zu gestalten - ob als Berufseinsteiger (m/w/d) oder Experte (m/w/d).Ihre Aufgaben:- Entwurf, Umsetzung und Testing von Embedded Software für den Fahrzeug- oder den Maschinenbau- Implementierung und Optimierung von Kamera- und Bildverarbeitungsverfahren- Design und Implementierung verschiedener Feldbusse und Kommunikationsprotokolle- Anpassung und Portierung von Applikationen auf digitale Signalprozessoren und Mikrocontroller- Integration von System- und Anwendungssoftware- Umsetzung und Entwicklung von Prototypen und Funktionsmustern bis hin zur SerienumsetzungIhre Qualifikationen:- Abgeschlossenes Studium der Fachrichtung Informatik, Elektrotechnik oder Vergleichbares- Erfahrung in der Programmierung von Embedded Systemen mit C/C++ oder Python- Erfahrung in der Dokumentation und Code-Verifikation- Kenntnisse von Methoden zur Software-Qualitätssicherung gemäß SPICE und agilen Methoden gemäß SCRUM wären wünschenswert- Sehr gute Kenntnisse in Deutsch und EnglischIhre Benefits:- Onboarding mit persönlichem Ansprechpartner- Teamleiter-/Mentorenprogramm- Jährliches Entwicklungsgespräch- Flexible Arbeitszeiten- Individuelle Weiterbildungsmöglichkeiten- Übertarifliches Gehalt- 30 Tage Urlaub- Betriebsrente- Weihnachtsgeld und Urlaubsgeld- Betriebliches Gesundheitsmanagement- Ergonomischer Arbeitsplatz- Fahrradleasing über JobRad- Mitarbeiterstammtische und Betriebsfeste- Familiäres Betriebsklima und kurze EntscheidungswegeKlingt gut? Dann senden Sie uns Ihre Bewerbung unter Angabe Ihres frühestmöglichen Eintrittstermins. Wir freuen uns darauf Sie kennenzulernen!",,2025-04-29 14:53:49.911548,+49 711 52089190,Bewerbung@arinko.de,eures,,"[""https://k37145.coveto.de/job-embedded-softwareentwickler-m-w-d-mit-c-c-oder-python-stuttgart-1672.html"", ""https://www.arbeitsagentur.de/jobsuche/jobdetail/14769-k37145.1672-S""]",,"[""Bewerbung@arinko.de""]",Julia Cocos,+49 711 52089190,"[""job""]",
92,Working Student: Python Data Analysis (w/m/div) (Mikrotechnologe/-technologin - Halbleitertechnik),Infineon Technologies AG,"Germany: Munich, rural district",Full-time,14/04/2025,https://europa.eu/eures/portal/jv-se/jv-details/MTI4NzQtMTEzNTU1LVMgMQ?lang=en,"Stellenangebotsbeschreibung:  Is Big Data more than just a buzzword for you? Do you have an affinity for programming, and you are a data-savvy? In the field of preassembly, we deal with mechanical and laser-assisted chip separation processes. Due to ...",1745939147,,"Gewünschte Bewerbungsarten: über Internet

Internetadresse: https://recruitingapp-2721.de.umantis.com/Vacancies/113555/Application/CheckLogin/2?lang=eng

Stellenangebot-Details in der Jobsuche der BA aufrufen:12874-113555-S","Is Big Data more than just a buzzword for you? Do you have an affinity for programming, and you are a data-savvy? In the field of preassembly, we deal with mechanical and laser-assisted chip separation processes. Due to the growing demands and increasing complexity of information and data volumes in our field, we need to create an efficient working environment that enables us to deal with that. In this working student position, you will support us in the evaluation of data and can thus work together in a team on the optimization of production processes. Are you also interested in semiconductor physics and would like to gain practical experience in a cutting-edge technology company? Then apply now! We look forward to getting to know you.Nur schwerbehinderte oder ihnen gleichgestellte Personen",,2025-04-29 14:53:49.911548,,,eures,,"[""https://recruitingapp-2721.de.umantis.com/Vacancies/113555/Application/CheckLogin/2?lang=eng"", ""https://www.arbeitsagentur.de/jobsuche/jobdetail/12874-113555-S""]",,,,,"[""job""]",
93,Senior Python Entwickler (m/w/d),Hays AG,Unterhaching (82008),,2025-04-18,https://www.arbeitsagentur.de/jobsuche/jobdetail/13319-813801/1_546640LS-S,,1745939144,,,,,2025-04-29 15:05:44.230728,,,Arbeitsagentur.de (Jobsuche),,,,,,,"[""job""]",
91,Fullstack Entwickler PHP oder Python (m/w/d) (Backend-Entwickler/in),LUNISA trust & match  GmbH,"Germany: Schweinfurt, urban district","Flexible,",21/10/2024,https://europa.eu/eures/portal/jv-se/jv-details/MTAwMDEtMTAwMDc3NzE0Ni1TIDE?lang=en,"Stellenangebotsbeschreibung:  LUNISA schafft Verbindungen und bringt zusammen, was zusammengehört. Wir kennen nicht nur den bundesweiten Arbeitsmarkt, sondern auch seine Besonderheiten und finden somit auch für dich den passenden Traumjob!  Unser Kun...",1745939132,"Janine SießLUNISA trust & match  GmbH, Am Alten Bahnhof 8, 97332 Volkach, Deutschland, BayernKitzingen  -GermanyTel.:+49 9381 8463280Email:jobs@lunisa.de","Gewünschte Bewerbungsarten: per E-Mail, telefonisch, über Internet

Internetadresse: https://www.lunisa.de/job/fullstack-entwickler-php-oder-python-m-w-d

Angaben zur Bewerbung: Lebenslauf, Zeugnisse

Stellenangebot-Details in der Jobsuche der BA aufrufen:10001-1000777146-S","LUNISA schafft Verbindungen und bringt zusammen, was zusammengehört. Wir kennen nicht nur den bundesweiten Arbeitsmarkt, sondern auch seine Besonderheiten und finden somit auch für dich den passenden Traumjob!Unser Kunde ist ein IT-Dienstleister mit Sitz in Schweinfurt. Dieses Unternehmen entwickelt maßgeschneiderte, modulare Softwarelösungen für Unternehmen aus dem Bäckerei- und Metzgereisegment mit dem Ziel der Effizienzsteigerung, Wachstumsförderung sowie Mitarbeiterentlastung in den Filialen. Zur Verstärkung des Teams in der Softwareentwicklung suchen wir Fullstack Entwickler (m/w/d).********Fullstack Entwickler PHP oder Python (m/w/d)ID: 2024/61********Das sind deine Aufgaben:- Entwicklung moderner Backendsysteme für die eigenen Produkte mit Python oder PHP sowie dem Symfony-Framework- Du entwickelst die Benutzeroberfläche des Web-Portals sowie der Produkte in den Filialen mit Typescript und Angular- Weiterentwicklung der Cloud-Strategie mit AWS in Zusammenarbeit mit dem TeamDas bringst du mit:- Mehrjährige Berufserfahrung in der Softwareentwicklung mit PHP, Python oder Typescript- Erfahrung mit Webtechnologien sowie Linux Systemen- Kenntnisse in der Arbeit mit relationalen Datenbanken- Kenntnisse von Container-Technologien / Docker- Erfahrung mit Versionskontrollsystemen (vorzugsweise GIT)- Mindestens verhandlungssichere DeutschkenntnisseJob Details:- Vollzeit (40 Stundenwoche) oder Teilzeit- Gleitzeit (Kernzeiten von 10 Uhr bis 15 Uhr)- Homeoffice 2 Tage pro Woche möglich- 30 UrlaubstageBenefits:- Teamevents- Mentoringprogramm während des Onboardings- Persönliche Weiterbildungsmöglichkeiten- Kostenübernahme für das Homeoffice- Kostenfreie Getränke- Sehr gute Atmosphäre im Team",,2025-04-29 14:53:49.911548,+49 9381 8463280,jobs@lunisa.de,eures,,"[""https://www.lunisa.de/job/fullstack-entwickler-php-oder-python-m-w-d"", ""https://www.arbeitsagentur.de/jobsuche/jobdetail/10001-1000777146-S""]",,"[""jobs@lunisa.de""]",Janine Sieß,+49 9381 8463280,"[""job""]",
90,Fullstack Entwickler PHP oder Python (m/w/d),LUNISA trust & match  GmbH,Schweinfurt (97421),,vor 12 Tagen,https://www.arbeitsagentur.de/jobsuche/jobdetail/10001-1000777146-S,"Fullstack Entwickler PHP oder Python (m/w/d)
Kopfbereich
Arbeit
Backend-Entwickler/in
Fullstack Entwickler PHP oder Python (m/w/d)
LUNISA trust & match GmbH
Vollzeit
Heimarbeit/Telearbeit
Schweinfurt
ab sofort
unbefristet
vor 12 Tagen
Stellenbeschreibung
Stelle im Rahmen der Personalvermittlung
LUNI...",1745939127,"Application Links:
Apply URL: https://www.arbeitsagentur.de/jobsuche/suche?kundennummer=Bxm_ifMsnXmqwtCHUv27yQmcGU0TmxqwPw3b551DDPU=__del__LUNISA%20trust%20%26%20match%20%20GmbH&amp;angebotsart=1
Apply URL: https://www.arbeitsagentur.de/jobsuche/jobdetail/10001-1000777146-S",,"Fullstack Entwickler PHP oder Python (m/w/d)
Kopfbereich
Arbeit
Backend-Entwickler/in
Fullstack Entwickler PHP oder Python (m/w/d)
LUNISA trust & match GmbH
Vollzeit
Heimarbeit/Telearbeit
Schweinfurt
ab sofort
unbefristet
vor 12 Tagen
Stellenbeschreibung
Stelle im Rahmen der Personalvermittlung
LUNISA schafft Verbindungen und bringt zusammen, was zusammengehört. Wir kennen nicht nur den bundesweiten Arbeitsmarkt, sondern auch seine Besonderheiten und finden somit auch für dich den passenden Traumjob!
Unser Kunde ist ein IT-Dienstleister mit Sitz in Schweinfurt. Dieses Unternehmen entwickelt maßgeschneiderte, modulare Softwarelösungen für Unternehmen aus dem Bäckerei- und Metzgereisegment mit dem Ziel der Effizienzsteigerung, Wachstumsförderung sowie Mitarbeiterentlastung in den Filialen. Zur Verstärkung des Teams in der Softwareentwicklung suchen wir Fullstack Entwickler (m/w/d).
********
Fullstack Entwickler PHP oder Python (m/w/d)
ID: 2024/61
********
Das sind deine Aufgaben:
Entwicklung moderner Backendsysteme für die eigenen Produkte mit Python oder PHP sowie dem Symfony-Framework
Du entwickelst die Benutzeroberfläche des Web-Portals sowie der Produkte in den Filialen mit Typescript und Angular
Weiterentwicklung der Cloud-Strategie mit AWS in Zusammenarbeit mit dem Team",,2025-04-29 15:05:27.626567,,,Arbeitsagentur.de (Jobsuche),,"Apply URL: https://www.arbeitsagentur.de/jobsuche/suche?kundennummer=Bxm_ifMsnXmqwtCHUv27yQmcGU0TmxqwPw3b551DDPU=__del__LUNISA%20trust%20%26%20match%20%20GmbH&amp;angebotsart=1
Apply URL: https://www.arbeitsagentur.de/jobsuche/jobdetail/10001-1000777146-S",vor 12 Tagen,,,,"[""job""]",
89,Softwareentwickler Python für hardwarenahe Produktentwicklung (m/w/d) (Fachinformatiker/in - Anwendungsentwicklung),Fair Parken GmbH,"Germany: Düsseldorf, urban district",Full-time,18/03/2025,https://europa.eu/eures/portal/jv-se/jv-details/MTgyOTUtMDA1NDU4MDI0OC1TIDE?lang=en,"Stellenangebotsbeschreibung:  Deine Aufgaben:  - Weiterentwicklung und Skalierung bestehender hardwarenaher Softwareprodukte für Schaltschranksysteme - Kontinuierliche Optimierung von Produktlösungen wie LCD-Monitoren, LED-Displays und Schrankensteue...",1745939118,Siham AftouhEmail:aftouh.siham@fairparken.com,"Gewünschte Bewerbungsarten: über Internet

Internetadresse: https://jobdb.softgarden.de/jobdb/public/jobposting/applyonline/click?jp=54580248

Stellenangebot-Details in der Jobsuche der BA aufrufen:18295-0054580248-S","Deine Aufgaben:- Weiterentwicklung und Skalierung bestehender hardwarenaher Softwareprodukte für Schaltschranksysteme- Kontinuierliche Optimierung von Produktlösungen wie LCD-Monitoren, LED-Displays und Schrankensteuerungen- Strategische und operative Produktentwicklung als technischer Experte- Architekturplanung und technische Konzeption innovativer Lösungen- Koordination und Kommunikation mit internen Teams und externen Kunden- Aufbau und Dokumentation von technischem Wissen innerhalb des UnternehmensDeine Benefits:- Unbefristetes Arbeitsverhältnis in einem wachstumsstarken Unternehmen- 30 Tage Urlaub- On top bieten wir dir einen monatlichen Fahrtkostenzuschuss – ganz egal, ob du mit Fahrrad, Bahn oder Auto unterwegs bist- Jobrad Leasing - unser Jobrad-Leasing bietet dir eine tolle Alternative zum ÖPNV und Auto. Du hältst dich fit, bist flexibel unterwegs und leistet gleichzeitig einen Beitrag für die Umwelt.- Mithilfe unseres intensiven Einarbeitungsprogramms wirst du bestens darauf vorbereitet, selbstständig zu arbeiten und hohe Verantwortung zu übernehmen- Wir denken voraus und sichern dich mit einer privaten Unfallversicherung sowie einer betrieblichen Altersvorsorge zusätzlich ab- Wir leben eine Open Door Policy, fördern offenen Dialog und gegenseitige Unterstützung. Unsere Duz-Kultur erleichtert dir den Einstieg zusätzlich- Wir stellen dir ein hochwertiges Notebook zur Verfügung. Individuell einstellbare, ergonomische Stühle und höhenverstellbare Tische bieten zusätzlichen Komfort im Büro- Du wünschst dir Flexibilität am Arbeitsplatz? Nach vorheriger Rücksprache mit deinem Vorgesetzen hast du die Möglichkeit, einfach und bequem aus dem Home Office zu arbeiten und erhältst hierfür die benötigte Ausstattung von uns.- Gutscheinkarte, die bei verschiedenen Akzeptanzpartnern eingesetzt werden kann- Plattform für verschiedene Mitarbeiterrabatte (Corporate Benefits)- Urban Sports Firmenfitness - Entdecke die weite Welt des Sport- und Wellness-Netzwerks und nutze ganz flexibel live oder online mehr als 50 Sportarten bei über 10.000 Partnerstandorten- Vergünstigte Fitnessstudio-Mitgliedschaft bei unserem VertragspartnerDein Profil:- Abgeschlossenes Studium oder eine entsprechende Berufsausbildung im Bereich Informatik, Elektrotechnik oder Mechatronik- Mehrjährige Berufserfahrung in der Python-Entwicklung für Backend- und Steuerungssysteme- Fundierte Kenntnisse im Umgang mit Embedded-Systemen und Hardwareansteuerung- Starke kommunikative Fähigkeiten für die Zusammenarbeit mit verschiedenen Stakeholdern- Erfahrung in der technischen Dokumentation und Projektkoordination- Analytisches Denkvermögen und eigenständige, strukturierte Arbeitsweise- Innovationsfähigkeit und Leidenschaft für technische Produktentwicklung- Interesse an langfristiger Skalierung komplexer ProduktlandschaftenÜber unsAls Spezialist für unbeschrankte Parkraumbewirtschaftung und Treiber für nachhaltige Mobilitätskonzepte sind wir für unsere Auftraggeber mehr als nur ein Dienstleister. Denn wir leben Service und denken ihn stets neu. Mit unseren digitalen Entwicklungen begeistern wir unsere Kundinnen und Kunden und verändern die Branche nachhaltig. Als Innovationstreiber und Marktführer im unbeschrankten digitalen Parken haben wir daher Produkte und Lösungen entwickelt, die das Parken noch digitaler und einfacher machen.Von der Parkraumbewirtschaftung mit Parkscheibe und Parkscheinautomaten bis hin zu innovativen Systemen mit Kamera, FreeFlow und mobilen App-Lösungen bieten unsere ausgereiften Bewirtschaftungstechnologien für jede Parkfläche die passende Lösung!Auch in diesem Jahr sind wir von kununu ausgezeichnet worden und können uns zum wiederholten Mal in Folge „TOP Company“ nennen.Möchtest auch du Teil unseres Teams werden und innovative Parkraumkonzepte erlebbar machen?Dann bewirb dich jetzt online mit deinem Lebenslauf, einem Anschreiben mit deiner Gehaltsvorstellung, dem frühestmöglichen Eintrittsdatum sowie deinen Zeugnissen.Jetzt online bewerben!fair parken GmbHFrau Siham AftouhGrafenberger Allee 337 c40235 Düsseldorf",,2025-04-29 14:53:49.911548,,aftouh.siham@fairparken.com,eures,,"[""https://jobdb.softgarden.de/jobdb/public/jobposting/applyonline/click?jp=54580248"", ""https://www.arbeitsagentur.de/jobsuche/jobdetail/18295-0054580248-S""]",,"[""aftouh.siham@fairparken.com""]",Siham Aftouh,,"[""job""]",
88,Java/ Python Backend Developer (m/w/d),Exclusive Associates,Düsseldorf (40237),,vor 5 Tagen,https://www.arbeitsagentur.de/jobsuche/jobdetail/12288-4206089284-S,"Kopfbereich
Arbeit
Web Developer
Java/ Python Backend Developer (m/w/d)
Exclusive Associates
Vollzeit
Düsseldorf
ab sofort
unbefristet
vor 5 Tagen
Stellenbeschreibung
Vollständige Stellenbeschreibung bei unserem Kooperationspartner einsehen:
Externe Seite öffnen
Quelle: XING GmbH & Co. KG
Fußbereich...",1745939111,Email: a.bamrolia@exclusive.de.com,,"Kopfbereich
Arbeit
Web Developer
Java/ Python Backend Developer (m/w/d)
Exclusive Associates
Vollzeit
Düsseldorf
ab sofort
unbefristet
vor 5 Tagen
Stellenbeschreibung
Vollständige Stellenbeschreibung bei unserem Kooperationspartner einsehen:
Externe Seite öffnen
Quelle: XING GmbH & Co. KG
Fußbereich
Stelle betreut durch Arbeitgeber
Referenz-Nr.: 12288-4206089284-S
Zuletzt bearbeitet am: 24.04.2025
Verstoß melden",,2025-04-29 15:05:11.150523,,a.bamrolia@exclusive.de.com,Arbeitsagentur.de (Jobsuche),,"Apply URL: https://www.persy.jobs/persy/l/job-ffxpz-b
Apply URL: https://www.persy.jobs/persy/l/job-ffxpz-b",vor 5 Tagen,,,,"[""job""]",
87,Systemingenieur Python (m/w/d) - 822-1074 (Data-Warehouse-Analyst/in),top itservices AG,Germany: Hamburg,Full-time,03/04/2025,https://europa.eu/eures/portal/jv-se/jv-details/MTYxMTUtODIyXzEwNzRfSkI0NzE2MjgxLVMgMQ?lang=en,"Stellenangebotsbeschreibung:  Kompetent, persönlich und initiativ - das ist die top itservices AG. Wir beraten Unternehmen ganzheitlich in ihren IT-Projekten und unterstützen sie durch die professionelle Vermittlung von Fach- und Führungskräften. Für...",1745939103,Melina WittwerTel.:+49 221 27264914Email:job-60@top-itservices.com,"Gewünschte Bewerbungsarten: über www.arbeitsagentur.de, per E-Mail, telefonisch, über Internet

Internetadresse: https://www.jobexport.de/job/4716281.html?exp=155&cid=822-1074-de

Angaben zur Bewerbung: Bewerben Sie sich bitte online über den Link ""Über die Internetseite des Arbeitgebers"". Ist dies nicht möglich, nehmen Sie bitte per E-Mail Kontakt mit dem angegebenen Ansprechpartner auf.

Stellenangebot-Details in der Jobsuche der BA aufrufen:16115-822_1074_JB4716281-S","Kompetent, persönlich und initiativ - das ist die top itservices AG. Wir beraten Unternehmen ganzheitlich in ihren IT-Projekten und unterstützen sie durch die professionelle Vermittlung von Fach- und Führungskräften. Für Festanstellungen, Projekte oder auf Zeit.Sie suchen Ihre nächste Herausforderung? Dann suchen wir Sie!Gemeinsam möchten wir einen signifikanten Mehrwert sowohl für Ihre individuelle Entwicklung als auch für den Erfolg unserer Kunden schaffen!Nehmen Sie die Herausforderung an und besetzen Sie mit uns eine vakante Position in Festanstellung als Systemingenieur Python (m/w/d).Aufgabenbeschreibung• Administration der Systeme Open-Source Analytik• Entwicklung und Wartung von Softwarelösungen in Python• Durchführung von Code-Reviews und Qualitätssicherung• Optimierung bestehender Anwendungen hinsichtlich PerformanceWas Sie mitbringen sollten• Abgeschlossenes Studium der Informatik oder eine vergleichbare Qualifikation• Fundierte Kenntnisse in der Programmierung mit Python und mit dem Open-Shift Containersystem• Mehrjährige Erfahrung im Systemmanagement und mit Systemen im Bereich Open-Source Analytik• Fließende Deutschkenntnisse in Wort und SchriftIhre Vorteile• Vertrauensvolle & persönliche Begleitung zu jeder Zeit – Partnerschaftlichkeit ist die Basis unserer Zusammenarbeit• Attraktive Rabattangebote und Mitarbeitervergünstigungen• Transparenter und schneller Bewerbungsprozess mit einer verbindlichen Rückmeldung binnen 14 Tagen• Direkte Vermittlung in eine Festanstellung bei unserem Kundenunternehmen• Ortsungebunden und flexibel durch die Möglichkeit Remote zu arbeiten• Betriebliches Gesundheitsmanagement mit vielfältigen MitarbeiterangebotenBewerbenErkennen Sie sich wieder? Dann senden Sie Ihre Unterlagen unter Angabe der Kennziffer 822-1074 anjob-60@top-itservices.com. Erste Informationswünsche und Fragen beantwortet Ihnen Melina Wittwer gern telefonisch unter +49 221 272649-14. Wir freuen uns bald von Ihnen zu hören!Bewerben Sie sich direkt unterhttps://www.top-itservices.com/rd/340pcv7qWeitere interessante Stellenangebote finden Sie auch auf unserer Homepage:https://www.top-itservices.com/annoncen*Erfolgt im Text zugunsten einer besseren Lesbarkeit keine explizite Differenzierung zwischen der weiblichen, männlichen und weiteren Formen, so sind dennoch stets alle gemeint.",,2025-04-29 14:53:49.911548,+49 221 27264914,job-60@top-itservices.com,eures,,"[""http://www.arbeitsagentur.de"", ""https://www.jobexport.de/job/4716281.html?exp=155&cid=822-1074-de"", ""https://www.arbeitsagentur.de/jobsuche/jobdetail/16115-822_1074_JB4716281-S""]",,"[""job-60@top-itservices.com""]",Melina Wittwer,+49 221 27264914,"[""job""]",
86,Entwickler (m/w/d) ADAS Objektfusion C++ Python,Guldberg GmbH,München (80995),,vor 8 Tagen,https://www.arbeitsagentur.de/jobsuche/jobdetail/13410-k13572.13972-S,"Entwickler (m/w/d) ADAS Objektfusion C++ Python
Kopfbereich
Arbeit
IT-Produktkoordinator/in
Entwickler (m/w/d) ADAS Objektfusion C++ Python
Guldberg GmbH
Vollzeit
München
ab sofort
unbefristet
vor 8 Tagen
Stellenbeschreibung
Stelle im Rahmen der Arbeitnehmerüberlassung
Entwickler (m/w/d) ADAS Objekt...",1745939094,"Application Links:
Apply URL: https://www.arbeitsagentur.de/jobsuche/suche?kundennummer=QB5xIhISpsaFFgNK0-kY8dcoIeRgCFCOXdoNrdgORqQ=__del__Guldberg%20GmbH&amp;angebotsart=1
Apply URL: https://www.arbeitsagentur.de/jobsuche/jobdetail/13410-k13572.13972-S",,"Entwickler (m/w/d) ADAS Objektfusion C++ Python
Kopfbereich
Arbeit
IT-Produktkoordinator/in
Entwickler (m/w/d) ADAS Objektfusion C++ Python
Guldberg GmbH
Vollzeit
München
ab sofort
unbefristet
vor 8 Tagen
Stellenbeschreibung
Stelle im Rahmen der Arbeitnehmerüberlassung
Entwickler (m/w/d) ADAS Objektfusion C++ Python
Ort: München
Ihre Aufgaben:
Entwicklung neuer Funktionen und Optimierung bestehender Features der Sensordatenfusion
Analyse von Test- und Simulationsergebnissen in Zusammenarbeit mit den Applikationsentwicklern
Erarbeitung von Lösungskonzepten und Erstellung von Anforderungen und Dokumentationen
Schreiben und Ausführen von Testfällen (z. B. Unit-Tests)
Koordination von Aufgaben im Team und Verbesserung der Toolchain
Ihre Qualifikationen:
Abgeschlossenes Studium in Elektrotechnik, Fahrzeugtechnik, Informatik oder vergleichbar
Fließende Deutsch- und Englischkenntnisse
Erfahrung in objektorientierter Programmierung (C++, Python) und SW-Testing (z. B. Catch2, Googletest)
Vertrautheit mit Versionskontrollsystemen (z. B. Git) und CI/CD (z. B. GitLab)
Kenntnisse in Regelungstechnik (z. B. Kalman-Filter), Fahrdynamik und ADAS-Systemen von Vorteil",,2025-04-29 15:04:54.340116,,,Arbeitsagentur.de (Jobsuche),,"Apply URL: https://www.arbeitsagentur.de/jobsuche/suche?kundennummer=QB5xIhISpsaFFgNK0-kY8dcoIeRgCFCOXdoNrdgORqQ=__del__Guldberg%20GmbH&amp;angebotsart=1
Apply URL: https://www.arbeitsagentur.de/jobsuche/jobdetail/13410-k13572.13972-S",vor 8 Tagen,,,,"[""job""]",
85,(Senior) Consultant (m/w/d) Software Development Python (Wirtschaftsinformatiker/in (Hochschule)),MID GmbH,"Germany: Nuremberg, urban district",Full-time,11/04/2025,https://europa.eu/eures/portal/jv-se/jv-details/MTM2MzUtZWJlZWUwMzZfSkI0NzI1NjAyLVMgMQ?lang=en,"Stellenangebotsbeschreibung:  Werde #MIDgestalter:in!  Teil von MID zu sein, bedeutet MIDgestalter:in zu sein! Gemeinsam als Team – aktuell 170 Kolleg:innen – brennen wir täglich darauf, den Wandel bei unseren Kunden in zukunftsfähige Mehrwerte zu üb...",1745939088,Nicht eingegebenEmail:mid-gmbh-jobs@m.personio.de,"Gewünschte Bewerbungsarten: über das Portal

Internetadresse: https://www.jobexport.de/job/4725602.html?exp=81&cid=ebeee036-34b7-4c45-b6b2-020fc9315a7b

Geforderte Anlagen: Bewerben Sie sich bitte online über den Link ""Über die Internetseite des Arbeitgebers"". Ist dies nicht möglich, nehmen Sie bitte per E-Mail Kontakt mit dem angegebenen Ansprechpartner auf.

Stellenangebot-Details in der Jobsuche der BA aufrufen:13635-ebeee036_JB4725602-S","Werde #MIDgestalter:in!Teil von MID zu sein, bedeutet MIDgestalter:in zu sein! Gemeinsam als Team – aktuell 170 Kolleg:innen – brennen wir täglich darauf, den Wandel bei unseren Kunden in zukunftsfähige Mehrwerte zu überführen. Schneller denn je ändern sich durch neue Technologien und Wettbewerb die Randbedingungen für aktuelle Geschäftsmodelle. Um erfolgreich zu sein, sollten IT-Fähigkeiten, -Strukturen, -Assets und -Prozesse mindestens genauso schnell angepasst und weiterentwickelt werden können. Und genau hier setzen unsere Expert:innen zu Geschäftsprozessmanagement, Enterprise Architecture Management und Data Management an.MID – Driving Continuous TransformationFür spannende Projekteinsätze bei unseren Kunden suchen wir erfahrene Softwareentwickler (m/w/d) mit Python und AWS-/ Kubernetes-Kenntnissen.DEINE ZUKÜNFTIGEN AUFGABEN• In Deiner Position als Softwareentwickler:in erwarten Dich abwechslungsreiche und anspruchsvolle Tätigkeiten entlang des gesamten Prozesses der Softwareentwicklung in Projekteinsätzen bei unseren Kunden.• Eigenverantwortlich stimmst Du die unterschiedlichen Anforderungsspezifikationen mit unseren Kunden und Fachabteilungen sowie externen Stakeholdern ab.• Du beteiligst dich an der Weiterentwicklung von Plattformen zur Ressourcen-Bereitstellung und Rechteverwaltung in Artifactory (Python / Flask).• Du kümmerst Dich um das Code Review und sorgst dafür, dass es keine Bugs in die Produktion schaffen.• Die Wartung, Optimierung und das Entwerfen von Software-Architekturen mit Kubernetes / Helm im Kontext von AWS gehören ebenfalls zu Deinen Aufgaben.• Du kannst Ende-zu-Ende von der lokalen Entwicklung bis hin zum Cloud-Deployment und Monitoring tätig sein.• Außerdem automatisierst Du Deployment-Prozesse mit Gitlab CI nach den Prinzipien Infrastructure-as-Code und Reproducible Builds.• Du bist an der Wartung und Entwicklung von Basiskomponenten mittels Amazon Cloud Development Kit beteiligt.SO ÜBERZEUGST DU• Dein Studium im Bereich (Wirtschafts-)Informatik oder einem anderen Studiengang mit IT- und/oder Informatik-Fokus hast Du abgeschlossen, alternativ verfügst Du über eine vergleichbare Qualifikation mit entsprechender IT-Affinität.• Deine mehrjährige Berufserfahrung im DevOps Umfeld zeichnet Dich aus und Du bringst mindestens 3 Jahre Berufserfahrung in der Python- oder Backend-Entwicklung in einer vergleichbaren Sprache mit.• Ferner bringst Du eine bereits mehrjährige Expertise mit REST API Design, OpenAPI-Spezifikationen und Authentifizierungsprotokollen wie OAuth2 oder SAML mit.• Du besitzt ein tiefes Verständnis von Service-to-Service-Architekturen inklusive Anforderungen in den Bereichen High Availability und Skalierung.• Du bereicherst das Team mit Deiner Erfahrung im Bereich AWS-Cloud und Kubernetes / Helm, idealerweise hast Du bereits komplexe cloud-native Software entwickelt und betrieben.• Eigenverantwortliches Arbeiten ist für dich selbstverständlich, Du arbeitest gern in einem agilen Team und agile Prozesse wie Scrum oder Kanban sind Dir bekannt.• Du punktest außerdem durch analytische und konzeptionelle Fähigkeiten sowie eine eigenständige und strukturierte Arbeitsweise.• Du verfügst über verhandlungssichere Deutschkenntnisse und kannst bei Bedarf auch in englischer Sprache kommunizieren.• Gelegentliche Dienstreisen innerhalb Deutschlands sind für Dich kein Problem.FREU DICH ÜBER• Ein tolles Team, in dem Du gemeinsam mit 5-8 weiteren Consultants an Euren Ideen zu unseren Zukunftsthemen (BPM, EAM, Data) arbeitest.• Aktuell sind wir rund 170 MIDler:innen und wir wollen weiter wachsen. Nutze die Chance und gestalte innerhalb unseres agilen Arbeitsumfelds aktiv mit!• Auch Du sollst wachsen, daher ist uns Deine persönliche und fachliche Entwicklung besonders wichtig.• Du profitierst von einem erfahrenen Mentor, individuellen Einarbeitungskonzepten und Weiterbildungen sowie Projektverantwortung.• Um Dein Vertrauen in uns zurückzugeben, bieten wir Dir ein attraktives Gehaltspaket (z.B. Gehalt, Bonus, betriebliche Altersvorsorge uvm.) sowie zahlreiche Benefits (z.B. JobRad, Sportgruppen, Sabbatical uvm.).SO KANNST DU UNS ERREICHENDu hast noch Fragen? Dann steht Dir Patrick gerne telefonisch oder per E-Mail zur Verfügung.Patrick DüberSenior Talent Acquisition ManagerMobil: 0151 43860149E-Mail:p.dueber@mid.deÜber unsZugegeben, wir haben bereits einige sehr gute MIDler:innen! Weiterwachsen wollen wir trotzdem und das gerne mit Dir! Dabei sind für uns Freiraum, Feedback und Wertschätzung nicht einfach nur Schlagworte, sondern Voraussetzung.Uns sind Teamgeist und Identifikation sehr wichtig. Werte wie Flexibilität und Weitsicht werden bei uns großgeschrieben. So bieten wir Dir unter anderem hybride Arbeitsmodelle mit Mobile Office, kollaboratives Arbeiten im Büro, flexible Arbeitszeiten mit Verträgen zwischen 32-40 Wochenstunden und vieles mehr.Für uns ist es enorm wichtig, dass Du als Mensch zu uns passt. Daher zählt neben Deiner fachlichen Qualifikation vor allem der Cultural Fit. Unser Ziel – eine langfristige Zusammenarbeit. Unser erster Step dafür – offene und faire Kommunikation!",,2025-04-29 14:53:49.911548,,mid-gmbh-jobs@m.personio.de,eures,,"[""https://www.jobexport.de/job/4725602.html?exp=81&cid=ebeee036-34b7-4c45-b6b2-020fc9315a7b"", ""https://www.arbeitsagentur.de/jobsuche/jobdetail/13635-ebeee036_JB4725602-S""]",,"[""mid-gmbh-jobs@m.personio.de""]",Nicht eingegeben,,"[""job""]",
84,Python-Entwickler für KI-Softwarepionier (m/w/d),Hase & Igel  GmbH,Oldenburg (Oldb) (26122),,vor 30+ Tagen,https://www.arbeitsagentur.de/jobsuche/jobdetail/10000-1201783715-S,"Python-Entwickler für KI-Softwarepionier (m/w/d)
Kopfbereich
Arbeit
Softwareentwickler/in
Python-Entwickler für KI-Softwarepionier (m/w/d)
Hase & Igel GmbH
Vollzeit
Oldenburg (Oldb)
ab sofort
unbefristet
vor 30+ Tagen
Stellenbeschreibung
Jobbeschreibung Python-Entwickler für KI-Softwarepionier Werde...",1745939077,"Application Links:
Apply URL: https://www.arbeitsagentur.de/jobsuche/suche?kundennummer=-dZsy0gbdyltL3ME4shAowyzUr2QGQLranDW1vA6PCY=__del__Hase%20%26%20Igel%20%20GmbH&amp;angebotsart=1
Apply URL: https://www.arbeitsagentur.de/jobsuche/jobdetail/10000-1201783715-S",,"Python-Entwickler für KI-Softwarepionier (m/w/d)
Kopfbereich
Arbeit
Softwareentwickler/in
Python-Entwickler für KI-Softwarepionier (m/w/d)
Hase & Igel GmbH
Vollzeit
Oldenburg (Oldb)
ab sofort
unbefristet
vor 30+ Tagen
Stellenbeschreibung
Jobbeschreibung Python-Entwickler für KI-Softwarepionier Werde ein Teil des ""Innovativsten KMU der Welt"" (International Business Award 2024)! Mit 16 internationalen Auszeichnungen und fast 200 Kunden in 7 Ländern ist HASE & IGEL eine inhabergeführte KI-Erfolgsgeschichte aus Norddeutschland.
Seit 2018 schaffen wir mit einem kleinen, hochmotivierten Team KI-gestützte Cloud-Software, mit denen Unternehmen vom Mittelstand bis zu Weltkonzernen ihre Märkte besser verstehen und effizienter bearbeiten: unsere NEUTRUM.AI-Plattform. Unsere Kunden können so zugleich vorausschauender, nachhaltiger und ertragsstärker wirtschaften. Mit Studien und Forschungsprojekten – u.A. für das Bundeswirtschaftsministerium – tragen wir zu mehr Transparenz und Evidenzbasiertheit in Politik und Gesellschaft bei.
Unser ambitioniertes Ziel: Unser bisheriges Wachstum von 66% pro Jahr weiter steigern und zügig internationalisieren. Für diesen nächsten Sprung nach vorne bauen wir unser tolles Developer-Team weiter aus – und suchen Dich!
Was werden Deine Aufgaben sein?
• Anpassung und Implementierung von Endpunkten innerhalb unserer neutrum.ai SaaSPlattform
• Implementierung interner Microservices (einzelne, python-basierte Projekte mit API)
• Anbindung externen Systeme an unsere Plattform; Erstellung von Daten-Connectoren (z.B. automatisierte API-Abrufe)
• Technische Bewertung und Konzeption neuer Features
• Bugfixing, Test-Entwicklung, Dokumentation und Wartung des Codes
Du wirst regelmäßig mit diesen Tools, Technologien und Frameworks arbeiten:
• Python (3.11+, darin v.a. Flask, SQLAlchemy)
• Git
• SQL (Basiskenntnisse ausreichend), speziell PostgreSQL
• Docker
• Confluence
• Apache Airflow (Scheduling)
• Sentry (Error monitoring)",,2025-04-29 15:04:37.775729,,,Arbeitsagentur.de (Jobsuche),,"Apply URL: https://www.arbeitsagentur.de/jobsuche/suche?kundennummer=-dZsy0gbdyltL3ME4shAowyzUr2QGQLranDW1vA6PCY=__del__Hase%20%26%20Igel%20%20GmbH&amp;angebotsart=1
Apply URL: https://www.arbeitsagentur.de/jobsuche/jobdetail/10000-1201783715-S",vor 30+ Tagen,,,,"[""job""]",
83,Software Entwickler Angular/.NET Core/Python (m/w/d) (Softwareentwickler/in),MeData EDV-Systeme GmbH,"Germany: Osnabrück, rural district",Full-time,25/04/2025,https://europa.eu/eures/portal/jv-se/jv-details/MTAwMDAtMTE5NTQ0NDk0OC1TIDE?lang=en,Stellenangebotsbeschreibung:  MeData EDV-Systeme ist ein europaweit tätiges Dienstleistungsunternehmen in der Energie- und Futtermittelbranche. Seit rund 35 Jahren entwickeln wir individuelle Soft- und Hardwarelösungen für die Bereiche Mineralölhande...,1745939073,"Manuel KöhlerMeData EDV-Systeme GmbH, Bismarckstr. 4-10, 49324 Melle, Wiehengeb, Deutschland, NiedersachsenOsnabrück, rural district  -GermanyTel.:+49 5422 94440Email:karriere@medata.de","Gewünschte Bewerbungsarten: per E-Mail, schriftlich

Geforderte Anlagen: Geforderte Anlagen: Lebenslauf, Zeugnisse, Gehaltswunsch

Stellenangebot-Details in der Jobsuche der BA aufrufen:10000-1195444948-S","MeData EDV-Systeme ist ein europaweit tätiges Dienstleistungsunternehmen in der Energie- und Futtermittelbranche. Seit rund 35 Jahren entwickeln wir individuelle Soft- und Hardwarelösungen für die Bereiche Mineralölhandel, Tankstellen & Industriegase. Diese Branchen setzen in jüngster Zeit verstärkt auf Digitalisierung - ein Aufschwung, der sich auch bei MeData bemerkbar macht. Neben steigenden Umsätzen hat sich auch die Größe des Teams mehr als verdoppelt. Gemeinsam wollen wir auch neue Märkte erschließen.Unsere modern ausgestatteten Büroräume bieten die ideale Atmosphäre, um den technischen Fortschritt in zeitgemäße Lösungen umzusetzen. Dabei stellen wir allen Mitarbeitenden modernste Arbeitsmittel zur Verfügung, die auf ihren Aufgabenbereich zugeschnitten sind.Durch unser kontinuierliches Wachstum wollen wir diesen Bereich weiter ausbauen. Dafür suchen wir Dich als engagierten und technisch versierten Mitarbeiter.Wir freuen uns, unser Team wieder verstärken zu können. Wir würden uns über erfahrene Unterstützung freuen, um den wachsenden Anforderungen unserer Kunden gerecht zu werden.Das ist Dein Bereich:- Weiterentwicklung unserer eigenen Dispositionsanwendung- Weiterentwicklung eigener Software für mobile Systeme- Einarbeiten in die neuesten Technologien- Erstellung und Umsetzung von Konzepten- Durchführung hausinterner SchulungenFolgende fachliche Kenntnisse sind erforderlich:- Sicherer Umgang mit Visual Studio- Kenntnisse im Umgang mit Datenbanken- Abgeschlossene Ausbildung/Studium oder entsprechende BerufserfahrungFür die neue berufliche Herausforderung bringst du folgende Eigenschaften mit:- Großes Interesse Neues zu erlernen- Eigeninitiative und Engagement- Strukturiertes Arbeiten ist für Dich selbstverständlich- Englischkenntnisse in Wort und SchriftDas bieten wir:- Einen modernen Arbeitsplatz mit der nötigen & aktuellen Ausrüstung- Ein eingespieltes, kommunikatives und innovatives Team- Kurze Entscheidungswege- Gemeinsames Erarbeiten von neuen Ideen- Kostenlose Getränke- Möglichkeit auf Home-Office- viele kleine Extras außerhalb des StandardsKönnen wir dich für diese neue Herausforderung begeistern?Dann freuen wir uns, dich kennenzulernen. Schick uns vorab deine Bewerbung mit persönlichen Kontaktinformationen, deinem Lebenslauf und einem kurzen und knackigen Anschreiben. Wenn du dann noch deine Gehaltsvorstellung und dein mögliches Eintrittsdatum hinzufügst, könnten wir uns schon bald hier in Melle für ein erstes Gespräch treffen.Deine Bewerbung schickst du dafür per Mail ankarriere@medata.deErgänzende Informationen:Anforderungen an den Bewerber:Zwingend erforderlich: Entwicklungsumgebung Visual Studio/Visual Studio.NET",,2025-04-29 14:53:49.911548,+49 5422 94440,karriere@medata.de,eures,,"[""https://www.arbeitsagentur.de/jobsuche/jobdetail/10000-1195444948-S""]",,"[""karriere@medata.de""]",Manuel Köhler,+49 5422 94440,"[""job""]",
82,(Senior) Data Scientist (Python) (m/w/d),GS Elektromedizinische Geräte G. Stemple GmbH,Kaufering (86916),,vor 7 Tagen,https://www.arbeitsagentur.de/jobsuche/jobdetail/18896-8429465-S,"(Senior) Data Scientist (Python) (m/w/d)
Kopfbereich
Arbeit
Personalvermittler/in
(Senior) Data Scientist (Python) (m/w/d)
GS Elektromedizinische Geräte G. Stemple GmbH
Kaufering
ab sofort
vor 7 Tagen
Stellenbeschreibung
https://corpuls.world/
(Senior) Data Scientist (Python) (m/w/d)
Kaufering, Haus...",1745939061,"Application Links:
Apply URL: https://www.arbeitsagentur.de/jobsuche/jobdetail/18896-8429465-S",,"(Senior) Data Scientist (Python) (m/w/d)
Kopfbereich
Arbeit
Personalvermittler/in
(Senior) Data Scientist (Python) (m/w/d)
GS Elektromedizinische Geräte G. Stemple GmbH
Kaufering
ab sofort
vor 7 Tagen
Stellenbeschreibung
https://corpuls.world/
(Senior) Data Scientist (Python) (m/w/d)
Kaufering, Hauswiesenstraße
Präsenz / Mobil
Seit 1982 entwickelt und fertigt die GS Elektromedizinische Geräte GmbH innovative High-End-Geräte für die Notfall- und Intensivmedizin. Die unter dem Namen corpuls vertriebenen Systeme und Lösungen sind weltweit in über 75 Ländern im täglichen Einsatz. In unserem Firmensitz in Kaufering bei München schlagen inzwischen über 550 Herzen für die höchsten Ansprüche der Lebensretter. Bei corpuls entstehen aber nicht nur innovative Produkte, sondern auch erfolgreiche Karrieren. Dabei ist uns immer bewusst: Nur wer sich wohl fühlt, ist motiviert und kann stets neu begeistert werden. Uns ist es deshalb wichtig, hierfür das passende Umfeld zu schaffen.
Dein Aufgabengebiet:
Du wirst ein wertvolles Mitglied unseres Data Teams und trägst maßgeblich dazu bei, dass wir bei corpuls auch in Zukunft Einsatzkräften die bestmögliche Unterstützung bieten können. Deine Hauptaufgabe besteht darin, gemeinsam mit deinem Team und unseren Daten innovative Lösungen zu entwickeln.
Dabei analysierst du sowohl Gerätedaten als auch physiologische Zeitseriendaten (Biosignale). Du entwickelst fortschrittliche Foundation-Modelle für deren Verarbeitung und nutzt KI-Modelle, um tiefere Einblicke in unsere Daten zu gewinnen, insbesondere in die Geräte- und Einsatzdaten realer Missionen.
Durch die Analyse komplexer Zeitseriendaten und die Entwicklung prädiktiver Modelle zur Früherkennung von Gerätestörungen gestaltest du aktiv die Innovationsmöglichkeiten unseres Unternehmens mit. Deine Modelle könnten schon bald dazu beitragen, Menschenleben zu retten.",,2025-04-29 15:04:21.129077,,,Arbeitsagentur.de (Jobsuche),,Apply URL: https://www.arbeitsagentur.de/jobsuche/jobdetail/18896-8429465-S,vor 7 Tagen,,,,"[""job""]",
81,Senior Java/Python Backend Developer (m/w/d) (Backend-Entwickler/in),Exclusive Associates,"Germany: Bremen, urban district",Full-time,28/04/2025,https://europa.eu/eures/portal/jv-se/jv-details/MTIyODgtNDIxMTUwODkzNS1TIDE?lang=en,"Stellenangebotsbeschreibung:  Über uns Sind Sie bereit, Ihre Expertise in der Backend-Entwicklung in einem dynamischen und innovativen Unternehmen einzubringen? Unser Kunde, ein führendes Unternehmen, das auf zukunftsweisende Softwarelösungen setzt, ...",1745939058,"Import OrganicDEExclusive Associates, Dammtorstraße 30, 20354 Hamburg, Deutschland, HamburgHamburg  -GermanyEmail:info@new-work.se","Gewünschte Bewerbungsarten: per E-Mail, über Internet

Internetadresse: https://www.persy.jobs/persy/l/jap-fgtqx-b

Stellenangebot-Details in der Jobsuche der BA aufrufen:12288-4211508935-S","Über uns Sind Sie bereit, Ihre Expertise in der Backend-Entwicklungin einem dynamischen und innovativen Unternehmen einzubringen? UnserKunde, ein führendes Unternehmen, das auf zukunftsweisendeSoftwarelösungen setzt, sucht einen Senior Java/Python BackendDeveloper (m/w/d) . Wenn Sie auf der Suche nach einer herausforderndenPosition sind, in der Sie Verantwortung übernehmen und an spannendenProjekten mitwirken können, sind Sie hier genau richtig! Aufgaben Sieentwickeln und optimieren hochkomplexe Backend-Systeme mit Java undPython und stellen so sicher, dass die Lösungen sowohl skalierbar alsauch leistungsfähig bleiben. Sie sind verantwortlich für den Aufbauund die Pflege robuster Datenbankstrukturen (z.B. MySQL, PostgreSQL)und für die Entwicklung und Integration von REST APIs undMicroservices. Sie gewährleisten die Performance, Skalierbarkeit undSicherheit der Anwendungen auf höchstem Niveau. Als Senior Developerübernehmen Sie die Führung bei der Implementierung neuer Featuresund arbeiten eng mit Frontend Entwicklern sowie anderen Teamszusammen, um Lösungen zu entwickeln, die den Anforderungen desMarktes entsprechen. Sie verantworten die Wartung und kontinuierlicheVerbesserung bestehender Systeme und treiben Innovationen voran ProfilSie haben ein abgeschlossenes Studium im Bereich Informatik oder einevergleichbare Qualifikation. Sie verfügen über umfassende Erfahrungin der Backend-Entwicklung mit Java und/oder Python und haben bereitstiefgehende Kenntnisse in der Nutzung von Docker, Kubernetes undanderen Container-Technologien. Ihre Expertise in der Arbeit mitSQL-Datenbanken wie MySQL oder PostgreSQL ist ausgezeichnet und Siehaben Erfahrung in der Entwicklung und Integration von REST APIs. Siehaben fundierte Kenntnisse in Cloud-Services (z.B. AWS, Azure, GoogleCloud) und können diese gewinnbringend in die Entwicklung einfließenlassen. Wir bieten Spannende Projekte : Sie arbeiten an innovativenTechnologien und Lösungen, die die Zukunft der Softwareentwicklunggestalten. Flexibilität : Genießen Sie flexible Arbeitszeiten unddie Möglichkeit, im Home-Office zu arbeiten. Karriereentwicklung :Profitieren Sie von umfangreichen Weiterbildungs- undEntwicklungsmöglichkeiten, die Ihre Karriere vorantreiben. AttraktiveVergütung : Freuen Sie sich auf ein Fixgehalt und leistungsbezogeneBoni, die Ihre Expertise wertschätzen. Modernes Arbeitsumfeld :Arbeiten Sie mit neuesten Technologien und innovativen Tools, dieIhnen helfen, Ihr Potenzial voll auszuschöpfen. Teamkultur : ErlebenSie eine kollegiale und offene Arbeitsatmosphäre in einem engagiertenund motivierten Team. Kontakt Sind Sie bereit die Zukunftmitzugestalten? Dann freuen wir uns auf Ihre Bewerbung! Senden SieIhre Unterlagen bitte an Arati Bamrolia per E-Mail ana.bamrolia@exclusive.de.comoder kontaktieren Sie uns telefonischunter 0211 975 300 27. Hinweis: Diese Position erfordert eine lokalePräsenz in Deutschland. Bewerbungen von Kandidaten außerhalbDeutschlands können leider nicht berücksichtigt werden.",,2025-04-29 14:53:49.911548,,info@new-work.se,eures,,"[""https://www.persy.jobs/persy/l/jap-fgtqx-b"", ""https://www.arbeitsagentur.de/jobsuche/jobdetail/12288-4211508935-S""]",,"[""info@new-work.se""]",Import OrganicDE,,"[""job""]",
80,Python-Programmierer/in (m/w/d) - hybrides Arbeiten (Remote & Präsenz),Akkodis Germany Consulting GmbH,Sindelfingen (71063),,Gestern,https://www.arbeitsagentur.de/jobsuche/jobdetail/12634-742870_JB4738957-S,"Python-Programmierer/in (m/w/d) - hybrides Arbeiten (Remote & Präsenz)
Kopfbereich
Arbeit
Softwareentwickler/in
Python-Programmierer/in (m/w/d) - hybrides Arbeiten (Remote & Präsenz)
Akkodis Germany Consulting GmbH
Vollzeit
Sindelfingen
ab 02.05.2025
Gestern
Stellenbeschreibung
Stelle im Rahmen der ...",1745939044,"Application Links:
Apply URL: https://www.arbeitsagentur.de/jobsuche/suche?kundennummer=LtEv8yBXZZ8cKXSDMCmi4WFwPjFu3ZSp_sjC0I5Uyhk=__del__Akkodis%20Germany%20Consulting%20GmbH&amp;angebotsart=1
Apply URL: https://www.arbeitsagentur.de/jobsuche/jobdetail/12634-742870_JB4738957-S",,"Python-Programmierer/in (m/w/d) - hybrides Arbeiten (Remote & Präsenz)
Kopfbereich
Arbeit
Softwareentwickler/in
Python-Programmierer/in (m/w/d) - hybrides Arbeiten (Remote & Präsenz)
Akkodis Germany Consulting GmbH
Vollzeit
Sindelfingen
ab 02.05.2025
Gestern
Stellenbeschreibung
Stelle im Rahmen der Arbeitnehmerüberlassung
Für ein Projekt unseres Kunden, einem renommierten Unternehmen der Automobil Branche, suchen wir Verstärkung für unser Team - ab sofort
Wir suchen eine:n
Die vorliegende Stelle ist im Rahmen der Arbeitnehmerüberlassung zu besetzen.
Python-Programmierer/in (m/w/d) - hybrides Arbeiten (Remote & Präsenz)
Ihre Aufgaben:
• Mathematische Methoden zur Datenverarbeitung und Datenfusion verstehen und in Python implementieren
• Big Data Verarbeitung in Microsoft Azure effizient und speicheroptimiert implementieren
• Automobilspezifische Kartendaten verstehen und Datenverarbeitung mit Einbezug von Kartendaten optimieren
• Normen recherchieren, Daten in Indexen nach Normdefinition verarbeiten, die Verarbeitung in Python implementieren
Ihre Qualifikationen:
• Studium der Informatik, Mathematik, Ingenieurswissenschaften oder ähnliches
• Fundierte Kenntnisse in der Softwareentwicklung mit Python
• Fundierte Kenntnisse im Bereich Signalverarbeitung sowie Implementierung entsprechender Funktionalitäten (im Optimalfall mit Python)
• Grundkenntnisse über FFT oder Wavelettransformation
• Kenntnisse in der Big Data Verarbeitung bspw. mit Apache Spark
• Erfahrung in der agilen Softwareentwicklung
• Basiskenntnisse DevOps
• Grundlegende Cloudkenntnisse, bevorzugt in Azure
• Optional: Erfahrung in der Verarbeitung von Karten und Geo-Daten",,2025-04-29 15:04:04.305269,,,Arbeitsagentur.de (Jobsuche),,"Apply URL: https://www.arbeitsagentur.de/jobsuche/suche?kundennummer=LtEv8yBXZZ8cKXSDMCmi4WFwPjFu3ZSp_sjC0I5Uyhk=__del__Akkodis%20Germany%20Consulting%20GmbH&amp;angebotsart=1
Apply URL: https://www.arbeitsagentur.de/jobsuche/jobdetail/12634-742870_JB4738957-S",Gestern,,,,"[""job""]",
79,Fullstack Entwickler PHP oder Python (m/w/d) (Fullstack-Entwickler/in),LUNISA trust & match GmbH,"Germany: Schweinfurt, urban district",Full-time,28/04/2025,https://europa.eu/eures/portal/jv-se/jv-details/MTIyODgtNDIxMTUyMTE4Mi1TIDE?lang=en,"Stellenangebotsbeschreibung:  Über uns LUNISA schafft Verbindungen und bringt zusammen, was zusammengehört. Wir kennen nicht nur den bundesweiten Arbeitsmarkt, sondern auch seine Besonderheiten und finden somit auch für dich den passenden Traumjob! U...",1745939043,"Import OrganicDELUNISA trust & match GmbH, Dammtorstraße 30, 20354 Hamburg, Deutschland, HamburgHamburg  -GermanyEmail:info@new-work.se","Gewünschte Bewerbungsarten: per E-Mail, über Internet

Internetadresse: https://www.persy.jobs/persy/l/jap-fgtt8-b

Stellenangebot-Details in der Jobsuche der BA aufrufen:12288-4211521182-S","Über uns LUNISA schafft Verbindungen und bringt zusammen, waszusammengehört. Wir kennen nicht nur den bundesweiten Arbeitsmarkt,sondern auch seine Besonderheiten und finden somit auch für dich denpassenden Traumjob! Unser Kunde ist ein IT-Dienstleister mit Sitz inSchweinfurt. Dieses Unternehmen entwickelt maßgeschneiderte, modulareSoftwarelösungen für Unternehmen aus dem Bäckerei- undMetzgereisegment mit dem Ziel der Effizienzsteigerung,Wachstumsförderung sowie Mitarbeiterentlastung in den Filialen. ZurVerstärkung des Teams in der Softwareentwicklung suchen wir FullstackEntwickler (m/w/d). Fullstack Entwickler PHP oder Python (m/w/d) ID:2024/61 Aufgaben Entwicklung moderner Backendsysteme für die eigenenProdukte mit Python oder PHP sowie dem Symfony-Framework Duentwickelst die Benutzeroberfläche des Web-Portals sowie der Produktein den Filialen mit Typescript und Angular Weiterentwicklung derCloud-Strategie mit AWS in Zusammenarbeit mit dem Team ProfilMehrjährige Berufserfahrung in der Softwareentwicklung mit PHP,Python oder Typescript Erfahrung mit Webtechnologien sowie LinuxSystemen Kenntnisse in der Arbeit mit relationalen DatenbankenKenntnisse von Container-Technologien / Docker Erfahrung mitVersionskontrollsystemen (vorzugsweise GIT) Mindestensverhandlungssichere Deutschkenntnisse Wir bieten Job Details: Vollzeit(40 Stundenwoche) oder Teilzeit Gleitzeit (Kernzeiten von 10 Uhr bis15 Uhr) Homeoffice 2 Tage pro Woche möglich 30 Urlaubstage Benefits:Teamevents Mentoringprogramm während des Onboardings PersönlicheWeiterbildungsmöglichkeiten Kostenübernahme für das HomeofficeKostenfreie Getränke Sehr gute Atmosphäre im Team Kontakt Sende unsdeine Bewerbungsunterlagen unter Angabe der ID sowie deinerGehaltsvorstellung anjobs@lunisa.deDeine Ansprechpartner: JanineSieß / Jessica Büttner LUNISA trust & match GmbH Am Alten Bahnhof 897332 Volkach 09381/846328-0www.lunisa.de",,2025-04-29 14:53:49.911548,,info@new-work.se,eures,,"[""https://www.persy.jobs/persy/l/jap-fgtt8-b"", ""https://www.arbeitsagentur.de/jobsuche/jobdetail/12288-4211521182-S""]",,"[""info@new-work.se""]",Import OrganicDE,,"[""job""]",
77,Entwickler (m/w/d) ADAS Objektfusion C++ Python (IT-Produktkoordinator/in),Guldberg GmbH,"Germany: Munich, urban district",Full-time,21/04/2025,https://europa.eu/eures/portal/jv-se/jv-details/MTM0MTAtazEzNTcyLjEzOTcyLVMgMQ?lang=en,Stellenangebotsbeschreibung:  Entwickler (m/w/d) ADAS Objektfusion C++ Python  Ort: München  Ihre Aufgaben:  - Entwicklung neuer Funktionen und Optimierung bestehender Features der Sensordatenfusion - Analyse von Test- und Simulationsergebnissen in Z...,1745939028,"Philipp BlobeltGuldberg GmbH, Gröbenzeller Straße 40, 80997 München, Deutschland, BayernMunich, urban district  -GermanyTel.:+49 89 250077360Email:bewerbung@guldberg.de","Gewünschte Bewerbungsarten: per E-Mail, über Internet

Internetadresse: https://jobs.guldberg.de/job-entwickler-m-w-d-adas-objektfusion-c-python-muenchen-13972.html

Stellenangebot-Details in der Jobsuche der BA aufrufen:13410-k13572.13972-S","Entwickler (m/w/d) ADAS Objektfusion C++ PythonOrt: MünchenIhre Aufgaben:- Entwicklung neuer Funktionen und Optimierung bestehender Features der Sensordatenfusion- Analyse von Test- und Simulationsergebnissen in Zusammenarbeit mit den Applikationsentwicklern- Erarbeitung von Lösungskonzepten und Erstellung von Anforderungen und Dokumentationen- Schreiben und Ausführen von Testfällen (z. B. Unit-Tests)- Koordination von Aufgaben im Team und Verbesserung der ToolchainIhre Qualifikationen:- Abgeschlossenes Studium in Elektrotechnik, Fahrzeugtechnik, Informatik oder vergleichbar- Fließende Deutsch- und Englischkenntnisse- Erfahrung in objektorientierter Programmierung (C++, Python) und SW-Testing (z. B. Catch2, Googletest)- Vertrautheit mit Versionskontrollsystemen (z. B. Git) und CI/CD (z. B. GitLab)- Kenntnisse in Regelungstechnik (z. B. Kalman-Filter), Fahrdynamik und ADAS-Systemen von Vorteil- Idealerweise Erfahrung in Embedded-Software-Entwicklung, ISO 26262 und Software-Paketierung (z. B. Conan)- Teamfähigkeit, Kommunikationsstärke, Eigeninitiative und Bereitschaft zu DienstreisenWir bieten:- Karrierechancen- Individuelles angepasstes Schulungsprogramm- Faires, vertrauensvolles Arbeitsklima- Regelmäßige Networking Events- Vorteile bei unseren Partnern in den Bereichen Gesundheit, Versicherung und Shopping- Betriebliche AltersvorsorgeAnforderungen an Mitarbeiter sind vielfältig. Unsere Jobangebote auch. Guldberg steht für ""Goldrichtiges Matching"" und ist spezialisiert auf die Branchen Automotive, Schienenfahrzeugtechnik, Anlagenbau, Telekommunikation sowie Banken und Versicherungen und bietet Ihnen spannende Aufgaben in den Bereichen Maschinenbau, Elektronik und Informatik. Bei uns steht der Mitarbeiter stets an erster Stelle. Neben einer attraktiven Bezahlung, bieten wir Ihnen eine langfristige berufliche Perspektive. Ergänzt werden Ihre Karrierechancen durch ein individuell angepasstes Schulungsprogramm, angefangen von der persönlichen Entwicklung, bis hin zu fachlichen Qualifikationen. Zudem haben wir uns zur Aufgabe gemacht, ein faires, vertrauensvolles und persönliches Arbeitsklima zu schaffen. Neben regelmäßigen Networking Events, erhalten Sie durch uns Vorteile bei unseren Partnern in den Bereichen Fitness, Gesundheit, Versicherung und Shopping.",,2025-04-29 14:53:49.911548,+49 89 250077360,bewerbung@guldberg.de,eures,,"[""https://jobs.guldberg.de/job-entwickler-m-w-d-adas-objektfusion-c-python-muenchen-13972.html"", ""https://www.arbeitsagentur.de/jobsuche/jobdetail/13410-k13572.13972-S""]",,"[""bewerbung@guldberg.de""]",Philipp Blobelt,+49 89 250077360,"[""job""]",
78,"Softwareentwickler/in (w/m/d) Vollzeit (Java, Python, Linux, Machine Learning)",Michael Post purematic,,,Gestern,https://www.arbeitsagentur.de/jobsuche/jobdetail/10001-1001384336-S,"Softwareentwickler/in (w/m/d) Vollzeit (Java, Python, Linux, Machine Learning)
Kopfbereich
Arbeit
Softwareentwickler/in
Softwareentwickler/in (w/m/d) Vollzeit (Java, Python, Linux, Machine Learning)
Michael Post purematic
Vollzeit
Teilzeit (Vormittag, Nachmittag, Abend)
Heimarbeit/Telearbeit
Deutsch...",1745939027,"Application Links:
Apply URL: https://www.arbeitsagentur.de/jobsuche/suche?kundennummer=ziHfGp6Jb32Gp985NSZnSvbmHQu6COBN6JEFj0ASDeQ=__del__Michael%20Post%20purematic&amp;angebotsart=1
Apply URL: https://www.arbeitsagentur.de/jobsuche/jobdetail/10001-1001384336-S",,"Softwareentwickler/in (w/m/d) Vollzeit (Java, Python, Linux, Machine Learning)
Kopfbereich
Arbeit
Softwareentwickler/in
Softwareentwickler/in (w/m/d) Vollzeit (Java, Python, Linux, Machine Learning)
Michael Post purematic
Vollzeit
Teilzeit (Vormittag, Nachmittag, Abend)
Heimarbeit/Telearbeit
Deutschland
ab sofort
unbefristet
Gestern
Stellenbeschreibung
Zur Verstärkung des Teams sucht purematic zum nächstmöglichen Zeitpunkt
einen Softwareentwickler/in (w/m/d) Vollzeit (Remote / Home-Office möglich)
Ihre wesentlichen Aufgaben sind 
Softwareentwicklung mit Python und Java unter Linux
Einführung und Umsetzung von Produkten mit Machine Learning auf Basis von OpenSource unter Linux
Weiterentwicklung der Produkte und Tools
Verwaltungstätigkeiten
Gestaltungsfreiheit – du hast die Möglichkeit deinen Arbeitsalltag maßgeblich zu gestalten und die bisherigen Projektmanagement-Prozesse zu optimieren.
Du darfst deinen Wohnort frei wählen und hast keine Standortbindung – dein Arbeitsort befindet sich hauptsächlich im Home-Office. Optimal um Kinder zu betreuen
Sie bringen mit
Kontakt-, Kommunikations- und Konfliktfähigkeit 
Freude an eigenständiger Arbeit und der Mitarbeit an einem aufstrebenden Unternehmen
die Bereitschaft die Arbeitszeit flexibel einzuteilen
Wünschenswert sind",,2025-04-29 15:03:47.263002,,,Arbeitsagentur.de (Jobsuche),,"Apply URL: https://www.arbeitsagentur.de/jobsuche/suche?kundennummer=ziHfGp6Jb32Gp985NSZnSvbmHQu6COBN6JEFj0ASDeQ=__del__Michael%20Post%20purematic&amp;angebotsart=1
Apply URL: https://www.arbeitsagentur.de/jobsuche/jobdetail/10001-1001384336-S",Gestern,,,,"[""job""]",
76,"SoftwareentwicklerIN (JavaScript, Python, PHP) in Zella Mehlis (Teilzeit) (Softwareentwickler/in)",PAV Präzisionsteile Deutschl. GmbH,Germany: Schmalkalden-Meiningen,Part-time,22/04/2025,https://europa.eu/eures/portal/jv-se/jv-details/MTAwMDEtMTAwMTM2MjcyNy1TIDE?lang=en,"Stellenangebotsbeschreibung:  Standort: Zella-Mehlis | teilweise HomeOffice möglich (nach Einarbeitung) | Flexible Arbeitszeiten  PAV sucht einen erfahrenen Softwareentwickler (m/w/d), der innovative Softwarelösungen entwickelt und zur Weiterentwickl...",1745939012,"Martin FeuersteinPAV Präzisionsteile Deutschl. GmbH, Gewerbestr. 12, 98544 Zella-Mehlis, Deutschland, ThüringenSchmalkalden-Meiningen  -GermanyEmail:bewerbung@pav.eu","Gewünschte Bewerbungsarten: per E-Mail, persönlich, schriftlich, über das Portal, über Internet

Internetadresse: https://pav.eu/offene-stellen/softwareentwickler

Geforderte Anlagen: Unkomplizierte Kommunikation auf Augenhöhe. Im ersten Schritt sind keine Unterlagen zur Bewerbung nötig.

Stellenangebot-Details in der Jobsuche der BA aufrufen:10001-1001362727-S","Standort: Zella-Mehlis | teilweise HomeOffice möglich (nach Einarbeitung) | Flexible ArbeitszeitenPAV sucht einen erfahrenen Softwareentwickler (m/w/d), der innovative Softwarelösungen entwickelt und zur Weiterentwicklung der IRT-Architektur beiträgt.Ihre Aufgaben:- Entwicklung, Wartung und Optimierung von Softwareanwendungen- Umsetzung neuer Features und technische Weiterentwicklung bestehender Systeme- Erstellung von Unit- und Integrationstests zur Sicherstellung der Softwarequalität- Enge Zusammenarbeit mit dem Team zur kontinuierlichen Verbesserung der AnwendungenIhr Profil:- Abgeschlossenes Studium der Informatik oder eine Ausbildung als Fachinformatiker für Anwendungsentwicklung- Mehrjährige Berufserfahrung in der Softwareentwicklung- Sehr gute Kenntnisse in JavaScript, Python und PHP- Strukturierte und lösungsorientierte ArbeitsweiseWir bieten:- Flexible Arbeitszeiten und die Möglichkeit, nach der Einarbeitung im Home Office zu arbeiten- Spannende Projekte mit langfristigen Entwicklungsperspektiven- Flache Hierarchien und eine offene, kollegiale UnternehmenskulturInteressiert? Dann freuen wir uns auf Ihre Bewerbung! In weniger als 60 Sekunden können Sie sich hier bewerben (Im ersten Schritt sind keine Unterlagen nötig!)https://pav.eu/offene-stellen/softwareentwickler(https://pav.eu/offene-stellen/softwareentwickler)",,2025-04-29 14:53:49.911548,,bewerbung@pav.eu,eures,,"[""https://pav.eu/offene-stellen/softwareentwickler"", ""https://www.arbeitsagentur.de/jobsuche/jobdetail/10001-1001362727-S""]",,"[""bewerbung@pav.eu""]",Martin Feuerstein,,"[""Teilzeit""]",
75,Informatiker VBA/C/Python (w/m/d),Brunel GmbH NL Nürnberg,"Nürnberg, Mittelfranken (90402)",,vor 12 Tagen,https://www.arbeitsagentur.de/jobsuche/jobdetail/12362-PR-251652_546571LS-S,"Informatiker VBA/C/Python (w/m/d)
Kopfbereich
Arbeit
Informatiker/in
Informatiker VBA/C/Python (w/m/d)
Brunel GmbH NL Nürnberg
Vollzeit
Nürnberg, Mittelfranken
ab sofort
unbefristet
vor 12 Tagen
Stellenbeschreibung
Vergütung: Vergütung nach Qualifikation
Stelle im Rahmen der Personalvermittlung
Ihre...",1745939009,"Application Links:
Apply URL: https://www.arbeitsagentur.de/jobsuche/suche?kundennummer=aQPJjaP-P4re5vMyyxEiQ8yppfSDH4CkXtu0I6t4bOI=__del__Brunel%20GmbH%20NL%20N%C3%BCrnberg&amp;angebotsart=1
Apply URL: https://www.arbeitsagentur.de/jobsuche/jobdetail/12362-PR-251652_546571LS-S",,"Informatiker VBA/C/Python (w/m/d)
Kopfbereich
Arbeit
Informatiker/in
Informatiker VBA/C/Python (w/m/d)
Brunel GmbH NL Nürnberg
Vollzeit
Nürnberg, Mittelfranken
ab sofort
unbefristet
vor 12 Tagen
Stellenbeschreibung
Vergütung: Vergütung nach Qualifikation
Stelle im Rahmen der Personalvermittlung
Ihre Aufgaben
Möchten Sie die nächste Stufe in Ihrer Karriere erreichen- Bei Brunel haben Sie die Möglichkeit sich bei namhaften Kunden kontinuierlich weiterzuentwickeln - und das branchenübergreifend. Machen Sie noch heute den entscheidenden Schritt Ihrer Karriere und bewerben Sie sich bei uns als Informatiker VBA/C/Python (w/m/d).
Ihre Aufgaben umfassen:
Betreuung eines internen Datenbanktools
Weiterentwicklung des Tools swoie der enthaltenen Fetaures
Update der Dokumentation des Tools
Schulung von Usern zu neuen Features
Abwägen sowie Umsetzung von User-Anforderungen
Ggf. Erstellen von Lastenheften für Ersatzmöglichkeiten auf Basis bestehender Features
Erstellung von Pflichten- und Lastenheften
Erstellung und Pflege von Anwender- wie Entwicklerdokumentation
kontinuierliche Verbesserung der Tools in Absprache mit den Anwendern
Projektbetreuung während der Anwendung der Tools
Schulung der Tools bei den Anwendern",,2025-04-29 15:03:29.889480,,,Arbeitsagentur.de (Jobsuche),,"Apply URL: https://www.arbeitsagentur.de/jobsuche/suche?kundennummer=aQPJjaP-P4re5vMyyxEiQ8yppfSDH4CkXtu0I6t4bOI=__del__Brunel%20GmbH%20NL%20N%C3%BCrnberg&amp;angebotsart=1
Apply URL: https://www.arbeitsagentur.de/jobsuche/jobdetail/12362-PR-251652_546571LS-S",vor 12 Tagen,,,,"[""job""]",
74,Webentwickler (m/w/d) Python Django und Javascript (Web Developer),Surfgreen.dev GmbH,"Germany: Schweinfurt, urban district","Part-time,",12/03/2025,https://europa.eu/eures/portal/jv-se/jv-details/MTAwMDEtMTAwMDc1MTQ3NS1TIDE?lang=en,"Stellenangebotsbeschreibung:  Über uns  Surfgreen.dev ist ein innovatives Unternehmen, das auf die Entwicklung moderner Weblösungen spezialisiert ist. Wir legen Wert auf nachhaltige, performante und benutzerfreundliche Applikationen. Unser Team arbei...",1745938997,"Carl BednorzSurfgreen.dev GmbH i.G., Zuerch 20, 97421 Schweinfurt, Deutschland, BayernSchweinfurt, urban district  -GermanyTel.:+49 9721 5393504Email:info@surfgreen.dev","Gewünschte Bewerbungsarten: per E-Mail, schriftlich, über das Portal

Geforderte Anlagen: Lebenslauf, Zeugnisse

Stellenangebot-Details in der Jobsuche der BA aufrufen:10001-1000751475-S","Über unsSurfgreen.devist ein innovatives Unternehmen, das auf die Entwicklung moderner Weblösungen spezialisiert ist. Wir legen Wert auf nachhaltige, performante und benutzerfreundliche Applikationen. Unser Team arbeitet eng zusammen, um die besten Lösungen für unsere Kunden zu entwickeln. Wenn du nach einer spannenden Herausforderung suchst und deine Leidenschaft für Webentwicklung in einem dynamischen Team einsetzen möchtest, bist du bei uns genau richtig!Deine Aufgaben:- Entwicklung und Wartung von Webanwendungen mit Python und Django- Implementierung interaktiver Benutzeroberflächen mit JavaScript und Vue.js- Integration von RESTful APIs und Datenbanken- Zusammenarbeit mit Designern und Projektmanagern zur Umsetzung von Kundenanforderungen- Code-Review und Qualitätssicherung- Kontinuierliche Optimierung von Performance und Sicherheit der AnwendungenWas du mitbringst:- Fundierte Erfahrung in der Entwicklung mit Python und dem Django Framework- Gute Kenntnisse in JavaScript und Vue.js (oder Bereitschaft, Vue.js zu erlernen)- Erfahrung mit Git, Docker und modernen Entwicklungstools- Ein gutes Verständnis von Datenbanken (PostgreSQL oder MySQL)- Teamfähigkeit und eigenverantwortliches Arbeiten- Freude an der Problemlösung und dem kreativen Einsatz neuer TechnologienVon Vorteil:- Erfahrung in der Entwicklung von Frontends mit modernen JavaScript-Frameworks- Grundkenntnisse in DevOps und automatisierten Deployments- Erfahrung mit CI/CD PipelinesWas wir bieten:- Flexible Arbeitszeiten und die Möglichkeit, remote zu arbeiten- Ein kreatives und motiviertes Team- Möglichkeiten zur persönlichen und beruflichen Weiterentwicklung- Spannende Projekte mit Kunden aus verschiedenen Branchen- Eine offene und kommunikative UnternehmenskulturBewirb dich jetzt!Wenn du Lust hast, gemeinsam mit uns innovative Weblösungen zu entwickeln, dann sende uns deine Bewerbung aninfo@surfgreen.dev. Wir freuen uns darauf, dich kennenzulernen!Ergänzende Informationen:Anforderungen an den Bewerber:Grundkenntnisse: Content-Management-System (CMS) DjangoErweiterte Kenntnisse: JavaScript-Framework Vue.Js, JavaScript-Framework jQuery, Django FrameworkExpertenkenntnisse: Programmiersprache Python, HTML/CSS Framework Bootstrap",,2025-04-29 14:53:49.911548,+49 9721 5393504,info@surfgreen.dev,eures,,"[""https://www.arbeitsagentur.de/jobsuche/jobdetail/10001-1000751475-S""]",,"[""info@surfgreen.dev""]",Carl Bednorz,+49 9721 5393504,"[""job""]",
73,"Junior Softwareentwickler - C++, Java, Python (w/m/d)",Brunel GmbH,Bremen (28195),,vor 12 Tagen,https://www.arbeitsagentur.de/jobsuche/jobdetail/12362-TR-248595_546453LS-S,"Junior Softwareentwickler - C++, Java, Python (w/m/d)
Kopfbereich
Arbeit
Softwareentwickler/in
Junior Softwareentwickler - C++, Java, Python (w/m/d)
Brunel GmbH
Vollzeit
Bremen
ab sofort
unbefristet
vor 12 Tagen
Stellenbeschreibung
Vergütung: Vergütung nach Qualifikation
Stelle im Rahmen der Arbeitn...",1745938993,"Application Links:
Apply URL: https://www.arbeitsagentur.de/jobsuche/suche?kundennummer=Wr5jEC-t3IvUur4yS3dYGv-8QPHrXU46aPrQJYSF3i8=__del__Brunel%20GmbH&amp;angebotsart=1
Apply URL: https://www.arbeitsagentur.de/jobsuche/jobdetail/12362-TR-248595_546453LS-S",,"Junior Softwareentwickler - C++, Java, Python (w/m/d)
Kopfbereich
Arbeit
Softwareentwickler/in
Junior Softwareentwickler - C++, Java, Python (w/m/d)
Brunel GmbH
Vollzeit
Bremen
ab sofort
unbefristet
vor 12 Tagen
Stellenbeschreibung
Vergütung: Vergütung nach Qualifikation
Stelle im Rahmen der Arbeitnehmerüberlassung
Ihre Aufgaben
Der Abschluss ist geschafft - und jetzt- Bei Brunel erhalten Sie die Möglichkeit, Ihr Wissen in der Praxis anzuwenden und sich mit anspruchsvollen Projekten weiterzuentwickeln. Bewerben Sie sich als Junior Softwareentwickler - C++, Java, Python (w/m/d) und starten Sie den nächsten Schritt in Ihrer Karriere.
Sie programmieren in C++, Java und Python und setzen dabei modernste Technologien ein, um die Software kontinuierlich weiterzuentwickeln und auf den neuesten Stand zu bringen.
Sie tragen aktiv zur Weiterentwicklung und Optimierung komplexer Software-Systeme bei und sorgen dafür, dass diese immer effizienter und leistungsfähiger werden.
Zudem unterstützen Sie die Qualifizierung bestehender Systeme und stellen sicher, dass alle relevanten Normen und Anforderungen erfüllt werden.
Sie erstellen und validieren Testfälle und dokumentieren diese präzise, um eine herausragende Softwarequalität zu gewährleisten.
Darüber hinaus führen Sie Integrationstests und Systemtests durch und stellen sicher, dass alle Systemkomponenten reibungslos zusammenarbeiten.
Ihre Qualifikationen
Abgeschlossenes Hochschulstudium (z.B. Informatik)
Erfahrung in der objektorientierten Softwareentwicklung und Programmierung mit C++, Java und Python
Gute Deutsch- und Englischkenntnisse in Wort und Schrift",,2025-04-29 15:03:13.152191,,,Arbeitsagentur.de (Jobsuche),,"Apply URL: https://www.arbeitsagentur.de/jobsuche/suche?kundennummer=Wr5jEC-t3IvUur4yS3dYGv-8QPHrXU46aPrQJYSF3i8=__del__Brunel%20GmbH&amp;angebotsart=1
Apply URL: https://www.arbeitsagentur.de/jobsuche/jobdetail/12362-TR-248595_546453LS-S",vor 12 Tagen,,,,"[""job""]",
72,(Senior) Python Software Developer (m/f/diverse) @ AVIATAR (Informatiker/in),Lufthansa Technik AG,Germany: Hamburg,Full-time,22/04/2025,https://europa.eu/eures/portal/jv-se/jv-details/MTMzNDgtNzc0MDE0LTExLVMgMQ?lang=en,"Stellenangebotsbeschreibung:  We’re looking for someone to join our team of data engineers, developing new data pipelines and scaling the existing ones for a growing number of customers and use cases.  - We’re using technologies like Python, Terrafor...",1745938982,,"Gewünschte Bewerbungsarten: über Internet

Internetadresse: https://apply.lufthansagroup.careers/index.php?ac=generic&jobad_id=83973&externalJobboard=2&utm_source=arbeitsagentur

Stellenangebot-Details in der Jobsuche der BA aufrufen:13348-774014-11-S","We’re looking for someone to join our team of data engineers, developing new data pipelines and scaling the existing ones for a growing number of customers and use cases.- We’re using technologies like Python, Terraform, Kubernetes and Pub/Sub to run event-based data pipelines, processing millions of new data points every day on the Google Cloud Platform.- We’re rolling out new features multiple times a day through fully automated Infrastructure as Code and CI/CD pipelines, including code reviews and automated tests.- We take responsibility for the full DevOps cycle, but thanks to managed cloud services and automation, we spend most of our time actually working on new features and architecture optimisations, rather than responding to ops issues.And if this sounds like an exciting environment to work in, we haven’t even mentioned benefits like standby flying for your work/life balance yet. Let’s talk!Ihr Profil:- completed degree in computer science or a related subject- at least two years of experience in data engineering (setting up and operating data pipelines in big data/analytics environments)- at least one year of experience with one or more of the major cloud providers (GCP/Azure/AWS)- experience in software development with Python, knowledge of tools such as Jupyter, VS Code, PyCharm, git, virtual environments, CLI- knowledge of automated testing, CI/CD, build pipelines, monitoring- confident application of DevOps/SRE principles- experience with technologies such as Kubernetes/OpenShift, Docker, SQL/NoSQL databases, messaging (Pub/Sub, Kafka, Azure Event Hubs), Airflow, Apache Beam- knowledge of event driven architectures beneficial",,2025-04-29 14:53:49.911548,,,eures,,"[""https://apply.lufthansagroup.careers/index.php?ac=generic&jobad_id=83973&externalJobboard=2&utm_source=arbeitsagentur"", ""https://www.arbeitsagentur.de/jobsuche/jobdetail/13348-774014-11-S""]",,,,,"[""job""]",
71,Embedded Softwareentwickler (m/w/d) mit C/C++ oder Python,Arinko Stuttgart GmbH,Stuttgart (70372),,vor 30+ Tagen,https://www.arbeitsagentur.de/jobsuche/jobdetail/14769-k37145.1672-S,"Embedded Softwareentwickler (m/w/d) mit C/C++ oder Python
Kopfbereich
Arbeit
Softwareentwickler/in
Embedded Softwareentwickler (m/w/d) mit C/C++ oder Python
Arinko Stuttgart GmbH
Vollzeit
Stuttgart
ab sofort
unbefristet
vor 30+ Tagen
Stellenbeschreibung
Stelle im Rahmen der Arbeitnehmerüberlassung
E...",1745938976,"Application Links:
Apply URL: https://www.arbeitsagentur.de/jobsuche/suche?kundennummer=sRyxcCbLJNSCZiW3rZ04-gfU6yA5ftBpRo3FD8I8M4I=__del__Arinko%20Stuttgart%20GmbH&amp;angebotsart=1
Apply URL: https://www.arbeitsagentur.de/jobsuche/jobdetail/14769-k37145.1672-S",,"Embedded Softwareentwickler (m/w/d) mit C/C++ oder Python
Kopfbereich
Arbeit
Softwareentwickler/in
Embedded Softwareentwickler (m/w/d) mit C/C++ oder Python
Arinko Stuttgart GmbH
Vollzeit
Stuttgart
ab sofort
unbefristet
vor 30+ Tagen
Stellenbeschreibung
Stelle im Rahmen der Arbeitnehmerüberlassung
Engineering 4.0
Embedded Softwareentwickler (m/w/d) mit C/C++ oder Python in Stuttgart
Wer sind wir?
ARINKO Stuttgart GmbH - als innovatives Ingenieurbüro entwickeln wir in engem Austausch mit unseren Kunden technische Lösungen für den Maschinen- und Anlagenbau sowie für die IT. Dabei bilden unsere 70 Mitarbeiter die Basis unseres Erfolgs und widmen sich täglich neuen spannenden Projekten, sowohl in unserem Büro als auch bei unseren Kunden vor Ort. Unser Denken und Handeln ist geprägt durch Vertrauen, Respekt und Wertschätzung - wir betreuen unsere Kollegen individuell und bieten ihnen beste Perspektiven: Durch kontinuierliche Weiterbildung sind sie stets auf dem neuesten Stand. Bei ARINKO haben auch Sie alle Möglichkeiten, Ihre Karriere auf lange Sicht zu gestalten - ob als Berufseinsteiger (m/w/d) oder Experte (m/w/d).
Ihre Aufgaben:
Entwurf, Umsetzung und Testing von Embedded Software für den Fahrzeug- oder den Maschinenbau
Implementierung und Optimierung von Kamera- und Bildverarbeitungsverfahren
Design und Implementierung verschiedener Feldbusse und Kommunikationsprotokolle
Anpassung und Portierung von Applikationen auf digitale Signalprozessoren und Mikrocontroller",,2025-04-29 15:02:56.559837,,,Arbeitsagentur.de (Jobsuche),,"Apply URL: https://www.arbeitsagentur.de/jobsuche/suche?kundennummer=sRyxcCbLJNSCZiW3rZ04-gfU6yA5ftBpRo3FD8I8M4I=__del__Arinko%20Stuttgart%20GmbH&amp;angebotsart=1
Apply URL: https://www.arbeitsagentur.de/jobsuche/jobdetail/14769-k37145.1672-S",vor 30+ Tagen,,,,"[""job""]",
70,KI-Entwickler / AI Engineer Python (m/w/d) (DevOps Engineer),Recruiter Netzwerk,"Germany: Mainz, urban district",Full-time,25/04/2025,https://europa.eu/eures/portal/jv-se/jv-details/MTIyODgtNDE5MjM1NzkyMi1TIDE?lang=en,Stellenangebotsbeschreibung:  Wir unterstützen einen Kooperationspartner Der Kunde unseres Kooperationspartners ist eine der führenden Digitalagenturen Deutschlands - mit über 200 Mitarbeitenden und einer klaren Mission: Künstliche Intelligenz nicht ...,1745938967,"Import OrganicDERecruiter Netzwerk, Dammtorstraße 30, 20354 Hamburg, Deutschland, HamburgHamburg  -GermanyEmail:info@new-work.se","Gewünschte Bewerbungsarten: per E-Mail, über Internet

Internetadresse: https://www.persy.jobs/persy/l/jap-fdq9j-b

Stellenangebot-Details in der Jobsuche der BA aufrufen:12288-4192357922-S","Wir unterstützen einen Kooperationspartner Der Kunde unseresKooperationspartners ist eine der führenden DigitalagenturenDeutschlands - mit über 200 Mitarbeitenden und einer klaren Mission:Künstliche Intelligenz nicht nur nutzen, sondern gestalten. In einerspezialisierten KI-Unit - geleitet von echten Tech-Profis, nicht vonBuzzwords - entwickeln wir wegweisende Lösungen für namhafte Kundenaus den Bereichen Marketing, Sales, E-Commerce und Medienproduktion.Unser CTO ist selbst Entwickler und treibt gemeinsam mit dem Team dieKI-Strategie aktiv voran. Was uns antreibt? Die Überzeugung, dassmaßgeschneiderte KI-Systeme Unternehmen nicht nur effizienter,sondern auch zukunftsfähiger und wettbewerbsstärker machen. Obintelligente Automatisierung, smarte CRM-Systeme oder ConversationalAI: wir entwickeln Lösungen, die im Alltag wirklich wirken. AlsKI-Entwickler (m/w/d) sind Sie dabei nicht nur ausführende Instanz,sondern kreativer Mitgestalter. Sie arbeiten an anspruchsvollen,praxisnahen B2B-Projekten im Web-Kontext: Von der ersten Idee bis zurfertigen Anwendung. Immer mit modernsten Technologien. Immer imAustausch mit einem hochqualifizierten Team, das technologischeGrenzen gerne verschiebt. Zum weiteren Ausbau des Teams suchen wirfür einen hybriden Einsatz in der Region Rhein-Main oder inDüsseldorf einen KI-Entwickler / AI-Engineer Python (m/w/d). Aufgaben- Gestalten Sie die Zukunft der KI Das werden Ihre Aufgaben sein -Gestalten Sie die Zukunft der Künstlichen Intelligenz KI trifft Web:Entwicklung smarter Anwendungen: Sie entwickeln und implementierenKI-basierte Web-Applikationen mit Python - optional auch mitJavaScript/TypeScript oder PHP Individuelle Intelligenz fürUnternehmen : Sie konzipieren und trainieren maßgeschneiderteKI-Modelle, die den Kundenservice und die Unternehmenskommunikationspürbar effizienter und smarter machen Nahtlose KI-Integration inbestehende Systeme : Sie sorgen dafür, dass KI nicht isoliert bleibt:Sie integrieren Modelle und Komponenten in bestehende CRM-,E-Commerce-, CMS- und Conversational-AI-Systeme Arbeiten mit dengroßen LLMs & AI-Frameworks: Sie nutzen aktuelle Large LanguageModels, KI-APIs und moderne AI-Frameworks, um innovativeAutomatisierungslösungen und leistungsstarke AI Agents zu entwickelnMicroservices, die mitdenken: Sie entwickeln skalierbareMicroservices, die als smarte Bausteine in komplexen KI-Architekturenfunktionieren - robust, modular und leistungsfähig Sicherheit vonAnfang an mitgedacht: Sie implementieren durchdachteSicherheitsmaßnahmen, die speziell auf KI-Systeme zugeschnitten sind– für vertrauenswürdige und verantwortungsvolle AI-AnwendungenInnovation im Team: interdisziplinär und kollaborativ: Sie arbeiteneng mit Kolleginnen und Kollegen aus verschiedenen Fachbereichenzusammen, um ganzheitliche, praxisnahe KI-Lösungen zu gestalten - vonder Idee bis zur Umsetzung Automatisierte Exzellenz: CI/CD fürKI-Anwendungen: Sie etablieren Continuous Integration und DeploymentPipelines, die speziell auf KI-Projekte zugeschnitten sind - fürschnelle Iterationen und stabile Releases. Profil Damit überzeugenSie unseren Kooperationspartner und auch seinen Kunden Sie haben einStudium der Informatik bzw. eine Ausbildung in der Softwareentwicklungerfolgreich abgeschlossen oder bringen eine vergleichbareQualifikation bzw. praktische Beruferfahrung als Web oder AI Developermit Fundierte Erfahrung mit Python & modernen Webtechnologien: Siehaben mehrere Jahre Erfahrung in der Backend-Entwicklung mit Python.Kenntnisse in JavaScript/TypeScript und PHP sind von Vorteil -besonders im Kontext von CMS-Integrationen Routine im Umgang mitführenden KI-Modellen & Frameworks: Sie arbeiten sicher mitOpenAI-APIs sowie mit Open-Source-Modellen wie HuggingFace oder Ollama- inklusive Feinabstimmung und Integration. LangChain ist für Siekein Fremdwort, sondern ein Werkzeug für innovativeSprachverarbeitung und Inhaltsgenerierung Technologisches Verständnisfür skalierbare Lösungen: Sie haben Erfahrung mit REST-APIs (z. B.mit FastAPI oder Flask), Docker, Caching (z. B. Redis) und wissen, wieman performante, skalierbare Systeme aufbaut. Kenntnisse in CI/CD,Load-Balancing oder ElasticSearch sind ein Plus Verständnis fürDaten und Sicherheit: Sie haben ein sicheres Gespür für den Umgangmit Daten - sowohl technisch (SQL/NoSQL) als auch rechtlich(Datenschutz und Sicherheit in KI-Anwendungen) Teamgeist &Eigenverantwortung im Gleichgewicht: Sie arbeiten gerne eigenständig,denken lösungsorientiert und bringen sich aktiv in interdisziplinäreProjekte ein - idealerweise mit Erfahrung in internationalen TeamsKommunikation auf Augenhöhe - in Deutsch und Englisch: Siebeherrschen Deutsch mindestens auf C1-Niveau und können sich auch aufEnglisch sicher austauschen Präsenz an einem unserer Standorte: Sieleben im Großraum Rhein-Main-Neckar oder Düsseldorf und sind bereit,ca. zwei- bis dreimal pro Woche im Office mit Ihrem Team persönlichzusammenzuarbeiten. Das können Sie beim unserem Kunden erwartenArbeiten am Puls der KI-Innovation: Sie gestalten aktivfortschrittliche KI-Lösungen mit echtem Impact - und entwickeln dabeinicht nur Software, sondern auch sich selbst fachlich auf Top-Niveauweiter Ein Team, das KI wirklich versteht: Freuen Sie sich auf denAustausch mit einem interdisziplinären, technisch versierten Team,das KI nicht nur spannend findet, sondern in die Praxis bringt -gemeinsam, agil und mit Leidenschaft Flexibles Arbeiten, wo es ambesten passt: Unser hybrides Modell erlaubt Ihnen die perfekteBalance: Sie arbeiten flexibel remote und sind ca. zwei- bis dreimalpro Woche an unserem modernen Standort in Rhein-Main oder Düsseldorfdabei Gezielte Weiterbildung – technisch und persönlich: Ob neueFrameworks, neue Methoden oder Soft Skills: Sie profitieren vonregelmäßigen Weiterbildungsangeboten, die genau zu Ihrem Profil undIhren Zielen passen State of the Art: Technik & Arbeitsumfeld: Siearbei",,2025-04-29 14:53:49.911548,,info@new-work.se,eures,,"[""https://www.persy.jobs/persy/l/jap-fdq9j-b"", ""https://www.arbeitsagentur.de/jobsuche/jobdetail/12288-4192357922-S""]",,"[""info@new-work.se""]",Import OrganicDE,,"[""job""]",
69,Softwareentwickler Python mit Affinität zum Produktmanagement (m/w/d),Limbach Gruppe SE,Hennigsdorf (16761),,vor 30+ Tagen,https://www.arbeitsagentur.de/jobsuche/jobdetail/10001-1001227472-S,"Softwareentwickler Python mit Affinität zum Produktmanagement (m/w/d)
Kopfbereich
Arbeit
Softwareentwickler/in
Softwareentwickler Python mit Affinität zum Produktmanagement (m/w/d)
Limbach Gruppe SE
Vollzeit
Hennigsdorf
ab sofort
unbefristet
vor 30+ Tagen
Stellenbeschreibung
Mehr als Labor.
Die LIME...",1745938959,"Application Links:
Apply URL: https://www.arbeitsagentur.de/jobsuche/suche?kundennummer=ygVRGcEMZG1U8_X35esJW0PDhSBOSUfAPwijb3FxgZU=__del__Limbach%20Gruppe%20SE&amp;angebotsart=1
Apply URL: https://www.arbeitsagentur.de/jobsuche/jobdetail/10001-1001227472-S",,"Softwareentwickler Python mit Affinität zum Produktmanagement (m/w/d)
Kopfbereich
Arbeit
Softwareentwickler/in
Softwareentwickler Python mit Affinität zum Produktmanagement (m/w/d)
Limbach Gruppe SE
Vollzeit
Hennigsdorf
ab sofort
unbefristet
vor 30+ Tagen
Stellenbeschreibung
Mehr als Labor.
Die LIMETEC Biotechnologies GmbH ist eine Tochtergesellschaft der Limbach Gruppe SE. Wir sind ein kommunikationstechnologisches Unternehmen innerhalb der Labor- und Medizinbranche mit Sitz in Hennigsdorf, nördlich von Berlin. Wir planen, entwickeln und realisieren kundenspezifische und innovative IT- und Softwarelösungen für den Healthcare-Sektor.
Wir suchen zum nächstmöglichen Zeitpunkt (in Vollzeit) für unseren Standort Hennigsdorf bei Berlin:
Softwareentwickler Python mit Affinität zum Produktmanagement (m/w/d)
Ihre Aufgaben
In dieser Rolle suchen wir einen Softwareentwickler (m/w/d) mit ausgeprägter Affinität zum Produktmanagement. Sie haben die Möglichkeit, sowohl aktiv Software in Python zu entwickeln, als auch die fachliche und technische Produktentwicklung verantwortungsvoll zu begleiten. Zu Ihren Aufgaben gehören:
Entwicklungsaufgaben:
Neu- und Weiterentwicklung unserer Anwendungen zur Erweiterung unseres Produktportfolios mit modernen Technologien
Technische Umsetzung nach agilen Softwaredesign-Prinzipien
Mitarbeit an der Weiterentwicklung der Systemarchitektur sowie der Modellierung und Optimierung von Datenbanken (z. B. MySQL)",,2025-04-29 15:02:39.773515,,,Arbeitsagentur.de (Jobsuche),,"Apply URL: https://www.arbeitsagentur.de/jobsuche/suche?kundennummer=ygVRGcEMZG1U8_X35esJW0PDhSBOSUfAPwijb3FxgZU=__del__Limbach%20Gruppe%20SE&amp;angebotsart=1
Apply URL: https://www.arbeitsagentur.de/jobsuche/jobdetail/10001-1001227472-S",vor 30+ Tagen,,,,"[""job""]",
68,"Softwareentwickler (w/m/d) Python, Django, PostgreSQL (Backend-Entwickler/in)",Meditec Medizinische Datentechnologi e GmbH,Germany: Hildesheim,Full-time,25/03/2025,https://europa.eu/eures/portal/jv-se/jv-details/MTAwMDAtMTIwMjAxNjQ4NC1TIDE?lang=en,Stellenangebotsbeschreibung:  Wir suchen zum nächstmöglichen Zeitpunkt Verstärkung für unser Entwickler- und Programmierer- Team in Bad Salzdetfurth oder remote (GERMAN NATIVE SPEAKERS ONLY!)  Wer wir sind Seit 1987 entwickelt die Meditec GmbH innova...,1745938953,"Miriam KüsterMeditec GmbH Medizinische Datentechnologie, Griesbergstr. 1 b - c, 31162 Bad Salzdetfurth, Deutschland, NiedersachsenHildesheim  -GermanyEmail:karriere@meditec-gmbh.com","Gewünschte Bewerbungsarten: per E-Mail, über das Portal

Internetadresse: https://www.meditec-gmbh.com

Geforderte Anlagen: Geforderte Anlagen: Lebenslauf, Zeugnisse (bis max. 4 MB insgesamt)

Stellenangebot-Details in der Jobsuche der BA aufrufen:10000-1202016484-S","Wir suchen zum nächstmöglichen Zeitpunkt Verstärkung für unser Entwickler- und Programmierer- Team in Bad Salzdetfurth oder remote (GERMAN NATIVE SPEAKERS ONLY!)Wer wir sindSeit 1987 entwickelt die Meditec GmbH innovative und einfach zu bedienende Softwarelösungen für ambulante und stationäre Rehaeinrichtungen sowie Heilmittelpraxen. Unser Firmensitz ist Bad Salzdetfurth, eine Kleinstadt ganz in der Nähe von Hannover.Das wünschen wir uns von dir•    Du bringst Erfahrungen in der Software-Entwicklung mit – sehr gerne in Python•    Der Tech-Stack “Python – Django – ExtJS – PostgreSQL – Linux” spricht dich an•    Im Team zu arbeiten, dich selbst gerne zu verbessern und mit Interesse die Lösungsvorschläge der Kollegen mit aufzunehmen gehört für dich zum Mindset•    Du kannst mit Legacy-Code umgehen und verbesserst diesen gerne•    Es ist super, wenn du zusätzlich auch noch Erfahrungen im oder einen Bezug zum Gesundheitswesen hastDas bieten wir dir•    Eine unbefristete Arbeitsstelle•    Eine attraktive Vergütung•    Flexible Arbeitszeiten bei einer 40-Stunden Woche ohne Kernarbeitszeit und Homeoffice-Option•    30 Tage Urlaub pro JahrDeine Benefits bei uns•    Ein umfangreiches & individuelles Weiterbildungsangebot•    Eine moderne und professionelle technische Ausstattung•    Hansefit – eine Vielzahl an Möglichkeiten, sich sportlich auszupowern•    Bike Leasing•    Kaffeevollautomat (vor Ort)Dir gefällt, was du hier siehst?Wenn wir dein Interesse geweckt haben, schick uns deine aussagekräftige elektronische Bewerbung bitte per E-Mail ankarriere@meditec-gmbh.com(Anhänge bis 4 MB).Wir freuen uns auf dich!Ergänzende Informationen:Anforderungen an den Bewerber:Erweiterte Kenntnisse: Programmiersprache Python",,2025-04-29 14:53:49.911548,,karriere@meditec-gmbh.com,eures,,"[""https://www.meditec-gmbh.com"", ""https://www.arbeitsagentur.de/jobsuche/jobdetail/10000-1202016484-S""]",,"[""karriere@meditec-gmbh.com""]",Miriam Küster,,"[""job""]",
67,Entwickler – Python/Django  (w/m/d),Seller Math GmbH,Nonnenhorn (88149),,vor 30+ Tagen,https://www.arbeitsagentur.de/jobsuche/jobdetail/10000-1201290512-S,"Entwickler – Python/Django (w/m/d)
Kopfbereich
Arbeit
Softwareentwickler/in
Entwickler – Python/Django (w/m/d)
Seller Math GmbH
Vollzeit
Teilzeit (Vormittag, Nachmittag)
Nonnenhorn
ab sofort
unbefristet
vor 30+ Tagen
Stellenbeschreibung
Entwickler – Python/Django (w/m/d)
Für die Weiterentwicklung un...",1745938943,"Application Links:
Apply URL: https://www.arbeitsagentur.de/jobsuche/suche?kundennummer=ud8v5QhmrYzAlJUpF6IfNHqLu5b3EqFOUyOeCj7Ydjw=__del__Seller%20Math%20GmbH&amp;angebotsart=1
Apply URL: https://www.arbeitsagentur.de/jobsuche/jobdetail/10000-1201290512-S",,"Entwickler – Python/Django (w/m/d)
Kopfbereich
Arbeit
Softwareentwickler/in
Entwickler – Python/Django (w/m/d)
Seller Math GmbH
Vollzeit
Teilzeit (Vormittag, Nachmittag)
Nonnenhorn
ab sofort
unbefristet
vor 30+ Tagen
Stellenbeschreibung
Entwickler – Python/Django (w/m/d)
Für die Weiterentwicklung unserer Software suchen wir weitere Entwickler:innen.
Die Seller Math GmbH bietet Kalkulations- und Controlling-Tools für den Onlinehandel an. Diese werden als sogenannte SaaS Anwendungen im Abo-Modell angeboten.
Für unsere Standort in Lindau suchen wir Entwickler:innen vor Ort. Nach einer Einlernphase ist es möglich auch nach Absprache im Homeoffice zu arbeiten.
Wir erwarten sehr gute Kenntnisse in Python und Django Framework. Strukturiertes eigenständiges Arbeiten. Schnelle Auffassungsgabe und die Motivation sich in einen bestehenden Code einzuarbeiten.
Wir arbeiten über ein Ticketsystem und per Zuruf. Und haben hier sehr flache Hierarchien.
Neben Englischkenntnissen sind Deutschkenntnisse bei uns für die Kommunikation wichtig.
Bewirb Dich jetzt!
Schreib uns, welche Projekte durch oder mit dir in den genannten Programmiersprachen bereits realisiert wurden.
Zudem möchten wir deinen Lebenslauf kennenlernen.
Als Voraussetzung nehmen wir an, dass Du:
Interesse im Onlinehandel, Kalkulation und Controlling Bereich hast",,2025-04-29 15:02:23.134278,,,Arbeitsagentur.de (Jobsuche),,"Apply URL: https://www.arbeitsagentur.de/jobsuche/suche?kundennummer=ud8v5QhmrYzAlJUpF6IfNHqLu5b3EqFOUyOeCj7Ydjw=__del__Seller%20Math%20GmbH&amp;angebotsart=1
Apply URL: https://www.arbeitsagentur.de/jobsuche/jobdetail/10000-1201290512-S",vor 30+ Tagen,,,,"[""job""]",
66,"Entwickler Ferndiagnose - Python (m/w/d) (Ingenieur/in - Informations-, Kommunikationstechnik)",Hays Professional Solutions GmbH Standort Nürnberg,Germany: North Rhine-Westphalia,Full-time,04/04/2025,https://europa.eu/eures/portal/jv-se/jv-details/MTMzMTktODE1NDU3LzFfNTQ0MjM2TFMtUyAx?lang=en,Stellenangebotsbeschreibung:  Ihre Aufgaben:  - Erweiterung des Monitorings durch Identifikation von Anpassungen für die Integration von Synchronmaschinen und Flywheels - Entwicklung und Implementierung neuer Überwachungsprotokolle und -verfahren - W...,1745938938,"Tobias LeidigHays Professional Solutions GmbH, Äußere Cramer-Klett-Str. 19,21, 90489 Nürnberg, Mittelfranken, Deutschland, BayernNuremberg, urban district  -GermanyTel.:+49 621 17884297Email:PositionenBAA@hays.de","Gewünschte Bewerbungsarten: per E-Mail, telefonisch

Stellenangebot-Details in der Jobsuche der BA aufrufen:13319-815457/1_544236LS-S","Ihre Aufgaben:- Erweiterung des Monitorings durch Identifikation von Anpassungen für die Integration von Synchronmaschinen und Flywheels- Entwicklung und Implementierung neuer Überwachungsprotokolle und -verfahren- Weiterentwicklung der Auswertelogiken mithilfe moderner statistischer Ansätze und KI- Entwicklung von Algorithmen zur präzisen Datenanalyse und Erkennung von Anomalien- Integration neuer Funktionen in bestehende Infrastruktur in Zusammenarbeit mit IT- und Engineering-Team- Unterstützung bei Dokumentation neuer Prozesse, Schulung des Personals und Projektmanagement- Regelmäßiges Reporting über Projektfortschritt und AnalyseergebnisseIhre Qualifikationen:- Master in Maschinenbau mit Schwerpunkt Energietechnik/Kraftwerkstechnik oder ähnliche Qualifikation- Fundierte Berufserfahrung im Kraftwerksbereich- Erfahrung in Datenanalyse und Programmierung- Kenntnisse im Bereich Kraftwerkstechnik und Datenanalyse- Programmierkenntnisse in Python- Erfahrung mit statistischen Auswertungen und Data Science- Sehr gute Englisch- und Deutschkenntnisse- Umgang mit internen Tools und ProgrammiersprachenIhre Vorteile:- Abwechslungsreiche Tätigkeit in einem renommierten Unternehmen- Angenehmes ArbeitsklimaÜber Hays:Mit unserer langjährigen Rekrutierungserfahrung und unseren Kenntnissen des Engineering-Personalmarktes bieten wir Fach- und Führungskräften aus dem Ingenieurwesen und dem technischen Umfeld eine starke Partnerschaft. Denn durch unsere intensiven Beziehungen und Netzwerke über alle Industriebranchen hinweg vermitteln wir Ihnen als Engineering-Fachleuten spannende Projekte und attraktive Positionen. Ganz nach Ihren Interessen und abhängig von Ihren Erfahrungen und Qualifikationen.Sie profitieren dabei von einer professionellen Betreuung von der ersten Ansprache bis zum Antritt Ihres neuen Projektes bzw. Ihrer neuen Stelle - und das natürlich völlig kostenfrei.Registrieren Sie sich und freuen Sie sich auf interessante und passende Positionen und Projekte.",,2025-04-29 14:53:49.911548,+49 621 17884297,PositionenBAA@hays.de,eures,,"[""https://www.arbeitsagentur.de/jobsuche/jobdetail/13319-815457/1_544236LS-S""]",,"[""PositionenBAA@hays.de""]",Tobias Leidig,+49 621 17884297,"[""job""]",
65,Python/Google Cloud - Software Entwickler (m/w/d),SOTEC GmbH & Co KG,Ostelsheim (75395),,vor 27 Tagen,https://www.arbeitsagentur.de/jobsuche/jobdetail/10001-1001157367-S,"Python/Google Cloud - Software Entwickler (m/w/d)
Kopfbereich
Arbeit
Softwareentwickler/in
Python/Google Cloud - Software Entwickler (m/w/d)
SOTEC GmbH & Co KG
Vollzeit
Teilzeit (Vormittag, Nachmittag)
Ostelsheim
ab sofort
unbefristet
vor 27 Tagen
Stellenbeschreibung
Vergütung: >65.000
Wir entwickel...",1745938926,"Application Links:
Apply URL: https://www.arbeitsagentur.de/jobsuche/suche?kundennummer=Cag3Fjh-Kvrfv6TTDxZxr_zojz5fRpefKdYNnTxNOGM=__del__SOTEC%20GmbH%20%26%20Co%20KG&amp;angebotsart=1
Apply URL: https://www.arbeitsagentur.de/jobsuche/jobdetail/10001-1001157367-S",,"Python/Google Cloud - Software Entwickler (m/w/d)
Kopfbereich
Arbeit
Softwareentwickler/in
Python/Google Cloud - Software Entwickler (m/w/d)
SOTEC GmbH & Co KG
Vollzeit
Teilzeit (Vormittag, Nachmittag)
Ostelsheim
ab sofort
unbefristet
vor 27 Tagen
Stellenbeschreibung
Vergütung: >65.000
Wir entwickeln individuelle Lösungen für die Digitale Transformation – mit angewandtem Machine Learning, Internet of Things Ecosystems und hochkomplexem Cloud Computing. Als erfahrener Beratungs- und Implementationsdienstleister bringen wir diese Technologien effektiv bei unseren Kunden zum Einsatz.
Als international tätiger Google Cloud Partner mit mehreren Jahren Erfahrung arbeiten wir in crossfunktionalen Teams aus Projektmanagern und Developern an innovativen Lösungen für große und mittelständische Unternehmen.
Deine zukünftigen Aufgaben:
Entwicklung und Implementierung von KI-basierten Edge und Cloud Anwendungen
Konzeption und Design von Softwarearchitekturen im KI-Umfeld
Zusammenarbeit mit Data Scientists und anderen Entwicklern bei der Integration von KI-Lösungen
Optimierung und Wartung bestehender KI-Systeme
Durchführung von Code-Reviews und Qualitätssicherung
Entwicklung von CI/CD Pipelines
Dokumentation von Entwicklungsprozessen und Ergebnissen
Was du idealerweise schon mitbringst:
Abgeschlossenes Studium der Informatik, Ingenieurwissenschaften oder einer vergleichbaren Fachrichtung",,2025-04-29 15:02:06.523591,,,Arbeitsagentur.de (Jobsuche),,"Apply URL: https://www.arbeitsagentur.de/jobsuche/suche?kundennummer=Cag3Fjh-Kvrfv6TTDxZxr_zojz5fRpefKdYNnTxNOGM=__del__SOTEC%20GmbH%20%26%20Co%20KG&amp;angebotsart=1
Apply URL: https://www.arbeitsagentur.de/jobsuche/jobdetail/10001-1001157367-S",vor 27 Tagen,,,,"[""job""]",
64,"Senior Python Entwickler (m/w/d) (Ingenieur/in - Informations-, Kommunikationstechnik)",Hays AG,"Germany: Munich, rural district",Full-time,18/04/2025,https://europa.eu/eures/portal/jv-se/jv-details/MTMzMTktODEzODAxLzFfNTQ2NjQwTFMtUyAx?lang=en,"Stellenangebotsbeschreibung:  Ihre Aufgaben:  - Python-basierte Anwendungen: Entwicklung, Implementierung und Wartung von Webanwendungen in einer Linux-Umgebung, einschließlich Automatisierungslösungen und Schnittstellenentwicklung. - Performance-Opt...",1745938923,"Johannes MarnyHays AG, Glücksteinallee 67, 68163 Mannheim, Deutschland, Baden-WürttembergMannheim, urban district  -GermanyTel.:+49 621 17884297Email:PositionenBAA@hays.de","Gewünschte Bewerbungsarten: per E-Mail, telefonisch

Stellenangebot-Details in der Jobsuche der BA aufrufen:13319-813801/1_546640LS-S","Ihre Aufgaben:- Python-basierte Anwendungen: Entwicklung, Implementierung und Wartung von Webanwendungen in einer Linux-Umgebung, einschließlich Automatisierungslösungen und Schnittstellenentwicklung.- Performance-Optimierung: Fehlerbehebung und kontinuierliche Verbesserung bestehender Python-Anwendungen sowie Optimierung der Performance.- Systemintegration: Konzeption und Umsetzung von Integrationen zwischen dem ERP (Navision) und Webplattformen, unter Berücksichtigung spezifischer Anforderungen der Fachabteilungen.- Dokumentation und Qualitätssicherung: Erstellen technischer Dokumentationen, Durchführung von Code-Reviews, sowie Sicherstellung der Stabilität und Qualität der entwickelten Lösungen.- Teamarbeit: Unterstützung und Zusammenarbeit innerhalb eines kompakten IT-Teams, mit Fokus auf gegenseitige Förderung und Effizienzsteigerung.Ihre Qualifikationen:- Erfolgreich abgeschlossenes Studium der Informatik, oder eine vergleichbare Qualifikation- Einschlägige Berufserfahrung in der objektorientierten Softwareentwicklung mit Python- Berührungspunkte mit KI sind von Vorteil, aber kein Muss- Sehr gute Problemlösungsfähigkeit und eine eigenständige Arbeitsweise- Verhandlungssichere Deutschkenntnisse in Wort und SchriftIhre Vorteile:- 30 Tage Urlaub- Urlaubs- und Weihnachtsgeld- Spannende Weiterentwicklungsmöglichkeiten - sowohl fachlich als auch hierarchisch- Eine attraktive, wettbewerbsfähige VergütungÜber Hays:Der Bereich IT ist unsere Kernkompetenz, auf deren Grundlage sich Hays entwickelt hat. Wir sind das größte privatwirtschaftlich organisierte IT-Personaldienstleistungsunternehmen in Deutschland und haben für jede Karrierestufe das passende Angebot - egal ob Sie an Vakanzen in agilen KMUs oder starken DAX-Konzernen interessiert sind. Wir beherrschen die komplette IT-Klaviatur von Support bis zur Softwarearchitektur oder Digitalisierung - dank unseres umfangreichen Portfolios ist für jeden etwas dabei. So konnten wir in den vergangenen Jahrzehnten im Rahmen einer Life-Long-Partnerschaft unzählige Fach- und Führungskräfte aus der IT dabei unterstützen, die Weichen für eine erfolgreiche Karriere zu stellen. Unser Beratungsteam ist spezialisiert und somit in der Lage, auf Ihre Wünsche und Vorstellungen einzugehen und Sie auf Bewerbungsgespräche und Vertragsverhandlungen bestens vorzubereiten. Probieren Sie es aus und erfahren Sie, was der Markt Ihnen zu bieten hat - völlig kostenfrei, diskret und unverbindlich! Wir freuen uns auf Sie.",,2025-04-29 14:53:49.911548,+49 621 17884297,PositionenBAA@hays.de,eures,,"[""https://www.arbeitsagentur.de/jobsuche/jobdetail/13319-813801/1_546640LS-S""]",,"[""PositionenBAA@hays.de""]",Johannes Marny,+49 621 17884297,"[""job""]",
63,Python-Entwickler (m/w/d),automait GmbH,,,vor 30+ Tagen,https://www.arbeitsagentur.de/jobsuche/jobdetail/10001-1001253925-S,"Python-Entwickler (m/w/d)
Kopfbereich
Arbeit
Backend-Entwickler/in
Python-Entwickler (m/w/d)
automait GmbH
Vollzeit
Nordrhein-Westfalen
ab sofort
unbefristet
vor 30+ Tagen
Stellenbeschreibung
Vergütung: 40.000-65.000
Stellenbeschreibung: Python Developer (m/w/d)
Unternehmensbeschreibung: Die automai...",1745938909,Email: hallo@automait.ai,,"Python-Entwickler (m/w/d)
Kopfbereich
Arbeit
Backend-Entwickler/in
Python-Entwickler (m/w/d)
automait GmbH
Vollzeit
Nordrhein-Westfalen
ab sofort
unbefristet
vor 30+ Tagen
Stellenbeschreibung
Vergütung: 40.000-65.000
Stellenbeschreibung: Python Developer (m/w/d)
Unternehmensbeschreibung: Die automait GmbH bietet ihren Kunden IT-Dienstleistungen und Beratung rund um Daten und künstliche Intelligenz. Zusammen mit einem starken Netzwerk von Partnern bieten wir von der Einführung einer modernen Cloudinfrastruktur bis zu Training und Betrieb von Künstlicher Intelligenz alles an, was Unternehmen brauchen, um künstliche Intelligenz in Produktion zu bringen und dort zu halten.
Wir suchen einen (Senior) Python Developer (m/w/d), der unser Team verstärkt und mit uns an spannenden Projekten arbeitet. Wir arbeiten prinzipiell anbieteragnostisch und helfen unseren Kunden dabei, die für sie passende Technologie auszuwählen, in ihre Infrastruktur einzubinden und zu betreiben.
Aufgaben:
Entwicklung und Wartung von Softwareanwendungen mit Python
Mitwirkung bei der Konzeption und Umsetzung neuer Features
Fehleranalyse und -behebung in bestehenden Anwendungen
Zusammenarbeit mit anderen Entwicklern, Designern und Projektmanagern
Teilnahme an Code-Reviews und kontinuierliche Verbesserung des bestehenden Codes
Dokumentation der entwickelten Softwarelösungen
Anforderungen:",,2025-04-29 15:01:49.759928,,hallo@automait.ai,Arbeitsagentur.de (Jobsuche),,"Apply URL: https://www.arbeitsagentur.de/jobsuche/suche?kundennummer=PMptk5IDsHdbsl8dWGOIsKQezSzmTth2Shs8iB-h2No=__del__automait%20GmbH&amp;angebotsart=1
Apply URL: https://www.arbeitsagentur.de/jobsuche/jobdetail/10001-1001253925-S",vor 30+ Tagen,,,,"[""job""]",
62,Python-Entwickler für KI-Softwarepionier (m/w/d) (Softwareentwickler/in),Hase & Igel  GmbH,"Germany: Oldenburg, urban district",Full-time,28/04/2025,https://europa.eu/eures/portal/jv-se/jv-details/MTAwMDAtMTIwMTc4MzcxNS1TIDE?lang=en,"Stellenangebotsbeschreibung:  Jobbeschreibung Python-Entwickler für KI-Softwarepionier Werde ein Teil des ""Innovativsten KMU der Welt"" (International Business Award 2024)!  Mit 16 internationalen Auszeichnungen und fast 200 Kunden in 7 Länd...",1745938908,"Jan SchoenmakersHase & Igel  GmbH, Theaterwall 24, 26122 Oldenburg (Oldb), Deutschland, NiedersachsenOldenburg, urban district  -GermanyTel.:+49 160 7941714","Gewünschte Bewerbungsarten: telefonisch

Internetadresse: https://haseundigel.com/

Geforderte Anlagen: Lebenslauf, Zeugnisse

Stellenangebot-Details in der Jobsuche der BA aufrufen:10000-1201783715-S","Jobbeschreibung Python-Entwickler für KI-Softwarepionier Werde ein Teil des ""Innovativsten KMU der Welt"" (International Business Award 2024)!  Mit 16 internationalen Auszeichnungen und fast 200 Kunden in 7 Ländern ist HASE & IGEL eine inhabergeführte KI-Erfolgsgeschichte aus Norddeutschland.Seit 2018 schaffen wir mit einem kleinen, hochmotivierten Team KI-gestützte Cloud-Software, mit denen Unternehmen vom Mittelstand bis zu Weltkonzernen ihre Märkte besser verstehen und effizienter bearbeiten: unsere NEUTRUM.AI-Plattform.  Unsere Kunden können so zugleich vorausschauender, nachhaltiger und ertragsstärker wirtschaften.  Mit Studien und Forschungsprojekten – u.A. für das Bundeswirtschaftsministerium – tragen wir zu mehr Transparenz und Evidenzbasiertheit in Politik und Gesellschaft bei.Unser ambitioniertes Ziel: Unser bisheriges Wachstum von 66% pro Jahr weiter steigern und zügig internationalisieren.  Für diesen nächsten Sprung nach vorne bauen wir unser tolles Developer-Team weiter aus – und suchen Dich!Was werden Deine Aufgaben sein?• Anpassung und Implementierung von Endpunkten innerhalb unsererneutrum.aiSaaSPlattform• Implementierung interner Microservices (einzelne, python-basierte Projekte mit API)• Anbindung externen Systeme an unsere Plattform; Erstellung von Daten-Connectoren (z.B. automatisierte API-Abrufe)• Technische Bewertung und Konzeption neuer Features• Bugfixing, Test-Entwicklung, Dokumentation und Wartung des CodesDu wirst regelmäßig mit diesen Tools, Technologien und Frameworks arbeiten:• Python (3.11+, darin v.a. Flask, SQLAlchemy)• Git• SQL (Basiskenntnisse ausreichend), speziell PostgreSQL• Docker• Confluence• Apache Airflow (Scheduling)• Sentry (Error monitoring)Bei Interesse hast du die Möglichkeit, dich bei uns über Zeit in einen Full-Stack Entwickler weiterzuentwickeln und dabei unsere Plattform auch im Frontend, den ELT-Pipelines (u.a. DBT) und der Bereitstellung (DevOps; AWS) kennenzulernen.Was wünschen wir uns von Dir?• Du kennst Dich nachweislich gut mit der Strukturierung von Python-Projekten, Packaging und Dependency Management aus und beherrschst gängige Best-Practices im Coding.• Du hast mindestens erste Erfahrung in den oben genannten Komponenten unseres Tech Stacks.• Erfahrungen im Bereich Unit- und/oder Integrationstests und der Erstellung und Pflege von Webservern (insbesondere REST-APIs) sind sehr (!)  willkommen.• Außerdem solltest du die Arbeit in agilen Prozessen kennen, dich gut selbst organisieren können und Lust haben, deine Erfahrungen (egal ob bezogen auf Prozesse, Tools oder Frameworks) proaktiv mit den anderen Entwicklern zu teilen.• Gutes Deutsch und Englisch sind wichtig.Was erwartet Dich?• Die Mitarbeit an und Mitgestaltung von weltweit innovationsführenden, vielfach ausgezeichneten SaaS-Produkten im heißen Schnittfeld zwischen Big Data und KI• Du bist bei uns nicht einfach der/die nächste Mitarbeiter/in, sondern vollwertige/r Partner/in: Dein Input zählt von Tag 1, keine starre Hierarchie bremst Dich ein Du hörst nie „so haben wir das aber immer gemacht“, „geht Dich nichts an“ oder „keine Ahnung, ist nicht mein Bereich.“• Du kannst Dir Arbeitszeit und Arbeitsort bis auf 1 Präsenztag pro Woche, Dein Arbeitsgerät und sogar Dein Gehalt fast gänzlich frei auswählen, so lange Du damit hervorragende Ergebnisse produzierst!• Wir arbeiten agil und ohne starre Hierarchien – zugleich aber mit hohem Qualitätsethos und datengetrieben.  So kann sich Jede/r optimal einbringen, ohne dass es zur „Quasselbude“ wird.  Eigeninitiative braucht es dafür aber!• Wir gehen offen, locker, humorvoll und wertschätzend miteinander um. Bei aller Professionalität kannst Du so sein, wie Du bist (solltest aber auch die Eigenheiten der Anderen akzeptieren ;) ) und findest Dich von herzlichen und kollegialen Menschen umgeben, die mit viel Leidenschaft und Freude an der Zusammenarbeit an einem Strang ziehen. Was übrigens nicht heißt, dass der Job das Privatleben ersetzen soll - wir sind schließlich keine Sekte!Klingt alles zu gut, um wahr zu sein? Oder zu wahr, um gut zu sein? Finde es heraus – sprich unseren Geschäftsführer an oder bewirb Dich direkt.Ergänzende Informationen:Anforderungen an den Bewerber:Grundkenntnisse: Software-ImplementierungErweiterte Kenntnisse: Entwicklung, Versionsverwaltungsprogramm Git, Programmiersprache Python, Datenbank PostgreSQL, Datenbank SQL",,2025-04-29 14:53:49.911548,+49 160 7941714,,eures,,"[""https://haseundigel.com/"", ""https://www.arbeitsagentur.de/jobsuche/jobdetail/10000-1201783715-S""]",,,Jan Schoenmakers,+49 160 7941714,"[""job""]",
60,"Softwareentwickler (w/m/d) - Python, Kotlin, C#, Java (Anwendungsprogrammierer/in)",Avantgarde Labs GmbH,"Germany: Dresden, urban district",Unknown Schedule,09/04/2025,https://europa.eu/eures/portal/jv-se/jv-details/MTM2NDQtMjg2NTYyLVMgMQ?lang=en,"Stellenangebotsbeschreibung:  Deine Aufgaben  Du bist auf der Suche nach einer neuen Herausforderung, in der du deine Leidenschaft für Softwareentwicklung und innovative Lösungen ausleben kannst? Dann bist du bei uns genau richtig!  - Softwareentwick...",1745938893,,"Gewünschte Bewerbungsarten: über Internet

Internetadresse: https://www.get-in-it.de/jobsuche/p286562?utm_source=arbeitsagentur&utm_medium=cpc&utm_campaign=launch-basic

Stellenangebot-Details in der Jobsuche der BA aufrufen:13644-286562-S","Deine AufgabenDu bist auf der Suche nach einer neuen Herausforderung, in der du deine Leidenschaft für Softwareentwicklung und innovative Lösungen ausleben kannst? Dann bist du bei uns genau richtig!- Softwareentwicklung mit Sinn: Du arbeitest im Team an spannenden Kundenprojekten und entwickelst mit einem modernen Tech-Stack individuelle Softwarelösungen, die echten Mehrwert schaffen.- Technologische Vielfalt: Egal ob Python, Kotlin, C#, Java – bei uns kannst du deine Stärken ausspielen und hast die Möglichkeit, neue Programmiersprachen und Programme zu lernen. Mach dir hier ein Bild von unserem modernen Tech-Stack.- Code-Qualität sichern: Du trägst dazu bei, qualitativ hochwertige Software durch Code-Reviews, Tests und Best Practices sicherzustellen.- Technische Führung: Als Senior-Entwickler übernimmst du die fachliche und technische Führung von Software-Teams und sorgst für reibungslose AbläufeDas bringst du mitWir suchen Talente auf allen Erfahrungsebenen (Junior-, Professional-, Senior-Level) – ob du am Anfang deiner Karriere stehst oder schon tiefgehende Expertise mitbringst, bei uns bist du willkommen.- Studium /Ausbildung der Informatik oder einer verwandten Fachrichtung- Erfahrung in der Softwareentwicklung, idealerweise mit einer unserer Hauptsprachen: Python, Kotlin, C#, Java- Eigeninitiative und Bereitschaft, dich in neue Technologien und Programmiersprachen einzuarbeiten- Interesse am Backend-Bereich – gerne auch mit Fullstack-Know-how- Kommunikationsstärke und Teamgeist- Idealerweise Erfahrung in der Kundenkommunikation und im agilen Arbeiten- Sehr gute Deutschkenntnisse in Wort und SchriftDeine Chance bei Avantgarde Labs- Extrem spannendes technologisches Umfeld. Schau hier in unseren Technologiestack:https://avantgarde-labs.com/de/technologie/- Ein smartes, innovationshungriges Team- Arbeiten in Projekten für innovationsstarke Branchenführer- Schnelle Weiterentwicklung durch vielfältige Aufgaben- Deine Stärken und Interessen bestimmen deine Entwicklung bei unsDeine Benefits- Kollegiales Miteinander: Bei uns ist gutes kollegiales Miteinander mehr als nur eine Floskel – wir leben eine flache Hierarchie und Zusammenarbeit auf Augenhöhe. Mit regelmäßigen Firmenmeetings im Lean Coffee Format, Retrospektiven zur kontinuierlichen Verbesserung und vielfältigen Team-Events schaffen wir eine Atmosphäre, in der sich jede Person aktiv mitgestalten und einbringen kann.- Entwicklungsmöglichkeiten: Von Beginn an begleiten wir dich mit einem individuellen Onboarding-Programm. Unser erfahrenes Team unterstützt dich umfassend und führt dich kompetent in alle Themen ein. Wir lassen dich nicht allein! Durch unser Karrieremodell weißt du immer, auf welcher Karrierestufe du dich gerade befindest. Unser Weiterbildungsbudget, interne Workshops und der jährliche Hackathon bieten dir zusätzliche Chancen zur persönlichen Weiterentwicklung.- Flexible Arbeitszeiten und mobiles Arbeiten: Wir kennen das - viele Mitarbeitende, viele Lebenssituationen. Mit flexiblen Arbeitszeitregelungen und Home-Office-Möglichkeiten finden wir gemeinsam individuelle Lösungen, um Beruf und Privatleben in Einklang zu bringen.- Top IT-Ausstattung: Wir sorgen für das perfekte Drumherum, damit du dich auf deine Arbeit konzentrieren kannst. Dafür stellen wir dir einen modernen Arbeitsrechner mit dem von dir bevorzugten Betriebssystem zur Verfügung. Unsere High-End Computing- und Softwaresysteme sorgen für die optimale Arbeitsumgebung.- Gesundheit: Ob höhenverstellbarer Tisch, der firmeneigene Fitnessraum oder eine regelmäßige Arbeitsplatzmassage: bei uns bleibst du trotz Schreibtischtätigkeit fit und gesund.- Kulinarisches Wohlbefinden: Bei uns wird Genuss großgeschrieben – von kostenlosen Getränken, frischem Obst und Snacks über regelmäßige Kuchen- und Smoothietage bis hin zu gemeinsamen Koch- und Brunch-Events. Wir sorgen wir dafür, dass du dich rundum wohl und energiegeladen fühlst.- Idyllischer Arbeitsort: Arbeite auf unserem wunderschönen Campusgelände und profitiere von ausgezeichneter Verkehrsanbindung und kostenfreien Parkplätzen. Für die Anreise kannst du das Job- oder Deutschlandticket nutzen, auf das wir bis zu 50% Ermäßigung bieten.",,2025-04-29 14:53:49.911548,,,eures,,"[""https://www.get-in-it.de/jobsuche/p286562?utm_source=arbeitsagentur&utm_medium=cpc&utm_campaign=launch-basic"", ""https://www.arbeitsagentur.de/jobsuche/jobdetail/13644-286562-S""]",,,,,"[""job""]",
61,Python Developer (w/m/d),50Hertz Transmission GmbH AD Berlin,Berlin (10557),,vor 28 Tagen,https://www.arbeitsagentur.de/jobsuche/jobdetail/10001-1001304094-S,"Python Developer (w/m/d)
Kopfbereich
Arbeit
Informatiker/in
Python Developer (w/m/d)
50Hertz Transmission GmbH AD Berlin
Vollzeit
Berlin
ab sofort
unbefristet
vor 28 Tagen
Stellenbeschreibung
Hier entwickle ich Softwarekomponenten und -anwendungen im Projekt „MCCS Grid Analysis“ und treibe somit die...",1745938892,Email: work@50hertz.com,,"Python Developer (w/m/d)
Kopfbereich
Arbeit
Informatiker/in
Python Developer (w/m/d)
50Hertz Transmission GmbH AD Berlin
Vollzeit
Berlin
ab sofort
unbefristet
vor 28 Tagen
Stellenbeschreibung
Hier entwickle ich Softwarekomponenten und -anwendungen im Projekt „MCCS Grid Analysis“ und treibe somit die digitale Energiewende voran.
Das macht diesen Job für mich interessant: 50Hertz steht an der Spitze der Energiewende. Bei 50Hertz kann ich etwas Sinnvolles bewirken und Werte für eine Organisation schaffen, die die Sicherheit der Energieversorgung für 18 Millionen Menschen gewährleistet. Als Entwicklerin werde ich Teil einer internationalen Entwicklungsabteilung sein, in der Fachleute wie Softwareingenieurinnen und Architektinnen zusammenarbeiten, die sich auf die Entwicklung und Wartung hochwertiger, skalierbarer und effizienter Softwarelösungen spezialisiert haben. Dabei kann ich meine Stärken kontinuierlich ausbauen, mein Wissen weitergeben und von meinen Fachkolleginnen lernen.
Meine Aufgaben:
Entwicklung von sauberem und effizientem Code auf der Grundlage von Spezifikationen und Richtlinien,
Entwicklung, Pflege und Nutzung von Deployment-Pipelines (nach dem Paradigma „Infrastructure as Code“),
Aufbau und Bereitstellung von Python-Diensten in Kubernetes,
Einrichtung von Automatisierungs- / Testskripten zur Unterstützung von Spezialist*innen bei der Durchführung von Funktions- und Qualitätstests,
Behebung von Programmierproblemen und Gewährleistung einer produktiven Arbeitsumgebung,
Wartung und regelmäßige Verbesserung der bestehenden Software,
Analysieren und Testen vor der Markteinführung,
Gewährleistung der Softwaresicherheit durch Entwicklung von Programmen zur aktiven Überwachung der Offenlegung privater Informationen,
Entwicklung von Optimierungsmodulen für die Grid Analysis auf der Grundlage vorgegebener Anwender*innen berichte,
Teilnahme am 24/7 Bereitschaftsdienst für den Support.",,2025-04-29 15:01:32.711449,,work@50hertz.com,Arbeitsagentur.de (Jobsuche),,"Apply URL: https://www.arbeitsagentur.de/jobsuche/suche?kundennummer=MMuu0rj_ccZN4cNqQRX0VV11WnCeXFyFlCYtaz0Y63Y=__del__50Hertz%20Transmission%20GmbH%20AD%20Berlin&amp;angebotsart=1
Apply URL: https://www.arbeitsagentur.de/jobsuche/jobdetail/10001-1001304094-S",vor 28 Tagen,,,,"[""job""]",
59,"Junior Softwareentwickler - C++, Java, Python (w/m/d) (Softwareentwickler/in)",Brunel GmbH,"Germany: Bremen, urban district",Full-time,17/04/2025,https://europa.eu/eures/portal/jv-se/jv-details/MTIzNjItVFItMjQ4NTk1XzU0NjQ1M0xTLVMgMQ?lang=en,"Stellenangebotsbeschreibung:  Ihre Aufgaben  Der Abschluss ist geschafft - und jetzt- Bei Brunel erhalten Sie die Möglichkeit, Ihr Wissen in der Praxis anzuwenden und sich mit anspruchsvollen Projekten weiterzuentwickeln. Bewerben Sie sich als Junior...",1745938878,,"Gewünschte Bewerbungsarten: über Internet

Internetadresse: https://www.brunel.net/de-de/jobs/junior-softwareentwickler-c-java-python-wmd-tr-248595?utm_source=arbeitsagentur&utm_campaign=stellenanzeige

Stellenangebot-Details in der Jobsuche der BA aufrufen:12362-TR-248595_546453LS-S","Ihre AufgabenDer Abschluss ist geschafft - und jetzt- Bei Brunel erhalten Sie die Möglichkeit, Ihr Wissen in der Praxis anzuwenden und sich mit anspruchsvollen Projekten weiterzuentwickeln. Bewerben Sie sich als Junior Softwareentwickler - C++, Java, Python (w/m/d) und starten Sie den nächsten Schritt in Ihrer Karriere.Sie programmieren in C++, Java und Python und setzen dabei modernste Technologien ein, um die Software kontinuierlich weiterzuentwickeln und auf den neuesten Stand zu bringen.- Sie tragen aktiv zur Weiterentwicklung und Optimierung komplexer Software-Systeme bei und sorgen dafür, dass diese immer effizienter und leistungsfähiger werden.- Zudem unterstützen Sie die Qualifizierung bestehender Systeme und stellen sicher, dass alle relevanten Normen und Anforderungen erfüllt werden.- Sie erstellen und validieren Testfälle und dokumentieren diese präzise, um eine herausragende Softwarequalität zu gewährleisten.- Darüber hinaus führen Sie Integrationstests und Systemtests durch und stellen sicher, dass alle Systemkomponenten reibungslos zusammenarbeiten.Ihre QualifikationenAbgeschlossenes Hochschulstudium (z.B. Informatik)- Erfahrung in der objektorientierten Softwareentwicklung und Programmierung mit C++, Java und Python- Gute Deutsch- und Englischkenntnisse in Wort und SchriftIhre VorteileBei uns arbeiten Sie unbefristet und in Festanstellung. Darüber hinaus bieten wir Ihnen einen Haustarifvertrag, der auf die Gehaltsstrukturen der verschiedenen Berufsgruppen zugeschnitten ist und Qualifikation sowie Berufserfahrung honoriert. Neben den tariflich gesicherten Sozialleistungen eines expandierenden Unternehmens bieten wir Ihnen die Möglichkeit, sich entsprechend Ihres individuellen Erfahrungsschatzes persönlich und fachlich weiterzubilden.Dafür steht BrunelArbeiten bei Brunel bedeutet: attraktive Projekte in der ganzen Bandbreite des modernen Engineerings und der IT, außergewöhnliche Karriereperspektiven bei Kunden vom Mittelstand bis zum DAX-Konzern, und die Sicherheit eines seit 50 Jahren etablierten Ingenieurdienstleisters. Mit mehr als 40 Standorten und sechs Solutions Hubs in der DACH-CZ Region sowie über 12.000 Mitarbeitenden an 120 Standorten weltweit bieten wir die ideale Plattform, um den technologischen Fortschritt aktiv mitzugestalten - denn Stillstand bedeutet Rückschritt!",,2025-04-29 14:53:49.911548,,,eures,,"[""https://www.brunel.net/de-de/jobs/junior-softwareentwickler-c-java-python-wmd-tr-248595?utm_source=arbeitsagentur&utm_campaign=stellenanzeige"", ""https://www.arbeitsagentur.de/jobsuche/jobdetail/12362-TR-248595_546453LS-S""]",,,,,"[""job""]",
58,Fullstack Entwickler PHP oder Python (m/w/d),LUNISA trust & match GmbH,Schweinfurt (97421),,Gestern,https://www.arbeitsagentur.de/jobsuche/jobdetail/12288-4211521182-S,"Kopfbereich
Arbeit
Fullstack-Entwickler/in
Fullstack Entwickler PHP oder Python (m/w/d)
LUNISA trust & match GmbH
Vollzeit
Schweinfurt
ab sofort
unbefristet
Gestern
Stellenbeschreibung
Vollständige Stellenbeschreibung bei unserem Kooperationspartner einsehen:
Externe Seite öffnen
Quelle: XING GmbH &...",1745938875,Email: jobs@lunisa.de,,"Kopfbereich
Arbeit
Fullstack-Entwickler/in
Fullstack Entwickler PHP oder Python (m/w/d)
LUNISA trust & match GmbH
Vollzeit
Schweinfurt
ab sofort
unbefristet
Gestern
Stellenbeschreibung
Vollständige Stellenbeschreibung bei unserem Kooperationspartner einsehen:
Externe Seite öffnen
Quelle: XING GmbH & Co. KG
Fußbereich
Stelle betreut durch Arbeitgeber
Referenz-Nr.: 12288-4211521182-S
Zuletzt bearbeitet am: 28.04.2025
Verstoß melden",,2025-04-29 15:01:15.553521,,jobs@lunisa.de,Arbeitsagentur.de (Jobsuche),,"Apply URL: https://www.persy.jobs/persy/l/job-fgtt8-b
Apply URL: https://www.persy.jobs/persy/l/job-fgtt8-b",Gestern,,,,"[""job""]",
57,Anwendungsentwicklerin / Anwendungsentwickler (Python) (m/w/d) - Hauptabteilung IT (Softwareentwickler/in),Berufsgenossenschaft Handel und Warenlogistik,"Germany: Bonn, urban district",Full-time,28/04/2025,https://europa.eu/eures/portal/jv-se/jv-details/MTIxMTctMjc3NTY1NDctWUYtUyAx?lang=en,Stellenangebotsbeschreibung:  Die Direktion sucht für die Hauptabteilung IT am Standort Bonn zum nächstmöglichen Zeitpunkt eine / einen  Anwendungsentwicklerin / Anwendungsentwickler (Python) (m/w/d)  Ihre Aufgaben  - Entwicklung und Betrieb von Weba...,1745938863,,"Gewünschte Bewerbungsarten: über Internet

Internetadresse: www.yourfirm.de

Stellenangebot-Details in der Jobsuche der BA aufrufen:12117-27756547-YF-S","Die Direktion sucht für die Hauptabteilung IT am Standort Bonn zum nächstmöglichen Zeitpunkt eine / einenAnwendungsentwicklerin / Anwendungsentwickler(Python) (m/w/d)Ihre Aufgaben- Entwicklung und Betrieb von Webanwendungen für unser Intra- und Extranet- Mitarbeit in der Web-Community der gesetzlichen Unfallversicherung (SIGUV,https://www.siguv.de/)- Mitwirkung bei internen und externen IT-Projekten- Kommunikation und Abstimmung mit beteiligten Stakeholdern- Erstellung von Anforderungsanalysen, sowie Konzeption und Durchführung von Aufwandabschätzungen und deren Umsetzung- Design und Implementierung von APIs (REST und SOAP)- Qualitätssicherung der entwickelten Produkte (z.B. Implementierung automatisierter Tests)Wir bieten- Eine sinnstiftende und anspruchsvolle Tätigkeit in einem dynamischen Arbeitsumfeld- Wir fördern die Vereinbarkeit von Beruf und Familie sowie Inklusion mit vielfältigen Gestaltungsmöglichkeiten und legen Wert auf eine gesunde Work-Life-Balance (flexible Arbeitszeiten - großzügiger Gleitzeitrahmen -, individuelle Arbeits- und Teilzeitmodelle, mobiles Arbeiten, Beratung in allen Bereichen der Kinderbetreuung und Pflegebedürftigkeit)- Einen individuell auf Sie abgestimmten Onboarding-Prozess- Gesundheit und Sicherheit haben bei uns Priorität - das geht von Sport- und Bewegungsangeboten bis hin zu vielfältigen Schulungsmöglichkeiten rund um Gesundheit und Sicherheit- Wir investieren in die fachliche und persönliche Weiterentwicklung unserer Mitarbeitenden- Transparente Bezahlung bis Entgeltgruppe E 11 BG-ATIhr Profil- Abgeschlossenes wissenschaftliches Hochschulstudium (Master oder Diplom) der Fachrichtung Informatik oder gleichwertige Kenntnisse und Erfahrungen- Neugierde und Fähigkeit, sich selbständig und schnell neue Wissensgebiete anzueignen- Sehr gutes generelles Software-Engineering-Know-how. Dabei sind dir Qualitätsaspekte wie Clean-Code, Wart- und Testbarkeit wichtig- Nachgewiesene mehrjährige Projekterfahrung im Bereich Python Development (pytest, FastAPI, Plone, SOAP) bevorzugt im Enterprise-Umfeld- Weiterer Tech-Stack: CI/CD, Jira, Confluence, Git, SonarQube, Linux- Nice to have: Kenntnisse in Datenbanken, Java und Message Queues- Gute Deutschkenntnisse (mind. Level C1) und Englischkenntnisse in Wort und Schrift- Bereitschaft zu Dienstreisen, auch mehrtägig- Eine zielorientierte und motivierte Arbeitsweise in TeamsKontaktBitte bewerben Sie sich bis 13.05.2025Fragen zur Stelle beantwortet Rolf Willems, Tel.: 0228/5406-5103Die BGHW will Frauen aktiv fördern. Bewerbungen von Frauen werden deshalb ausdrücklich begrüßt.Die Arbeitsplätze der BGHW sind grundsätzlich auch für Teilzeitkräfte geeignet. Gehen entsprechende Bewerbungen ein, wird geprüft, ob den Teilzeitwünschen im Rahmen der dienstlichen Möglichkeiten entsprochen werden kann.Die Tätigkeit ist für schwerbehinderte Menschen geeignet, die den mit der Stelle verbundenen Mobilitätserfordernissen nachkommen können. Entsprechende Bewerbungen sind daher willkommen.Wir über unsDie Berufsgenossenschaft Handel und Warenlogistik ist Trägerin der gesetzlichen Unfallversicherung für Unternehmen und deren Beschäftigte im Handel und in der Warenlogistik. Wir verstehen uns als moderner Dienstleister für ca. 4,6 Millionen Versicherte in rund 380.000 Unternehmen. Durch gezielte Prävention unterstützen wir die Unternehmerinnen und Unternehmer bei der Verhütung von Arbeitsunfällen und Berufskrankheiten. Im Schadensfall sorgen wir für bestmögliche Rehabilitation und sichern durch Geldleistungen den Lebensunterhalt der Versicherten und ihrer Familien.www.bghw.de/karriere/direktion-bonnJetzt bewerbenBerufsgenossenschaft Handel und Warenlogistikhttps://files.relaxx.center/kcenter-google-postings/kc-1001185/logo_google.png2025-05-13T21:59:59.999Z FULL_TIME nullnull null2025-04-14Bonn 53129 Hermann-Milde-Straße 150.7093782 7.113233",,2025-04-29 14:53:49.911548,,,eures,,"[""http://www.yourfirm.de"", ""https://www.arbeitsagentur.de/jobsuche/jobdetail/12117-27756547-YF-S""]",,,,,"[""job""]",
56,Anwendungsentwicklerin / Anwendungsentwickler (Python) (m/w/d) - Hauptabteilung IT,Berufsgenossenschaft Handel und Warenlogistik,Bonn (53129),,Gestern,https://www.arbeitsagentur.de/jobsuche/jobdetail/12117-27756547-YF-S,"Kopfbereich
Arbeit
Softwareentwickler/in
Anwendungsentwicklerin / Anwendungsentwickler (Python) (m/w/d) - Hauptabteilung IT
Berufsgenossenschaft Handel und Warenlogistik
Vollzeit
Bonn
ab sofort
Gestern
Stellenbeschreibung
Vollständige Stellenbeschreibung bei unserem Kooperationspartner einsehen:
Ext...",1745938858,,,"Kopfbereich
Arbeit
Softwareentwickler/in
Anwendungsentwicklerin / Anwendungsentwickler (Python) (m/w/d) - Hauptabteilung IT
Berufsgenossenschaft Handel und Warenlogistik
Vollzeit
Bonn
ab sofort
Gestern
Stellenbeschreibung
Vollständige Stellenbeschreibung bei unserem Kooperationspartner einsehen:
Externe Seite öffnen
Quelle: yourfirm.de
Fußbereich
Stelle betreut durch Arbeitgeber
Referenz-Nr.: 12117-27756547-YF-S
Zuletzt bearbeitet am: 29.04.2025
Verstoß melden",,2025-04-29 15:00:58.600554,,,Arbeitsagentur.de (Jobsuche),,,Gestern,,,,"[""job""]",
55,"Python Developer (m/w/d) InsurTech, Hamburg (DevOps Engineer)",CHECK24,Germany: Hamburg,Unknown Schedule,15/04/2025,https://europa.eu/eures/portal/jv-se/jv-details/MTI4MTEtMTcxNTEwMS1TIDE?lang=en,Stellenangebotsbeschreibung:  Wir bei CHECK24 in Hamburg wachsen und suchen einen Python Developer (m/w/d) InsurTech! Du begeisterst Dich für die Welt der Automatisierung & hast Lust unsere internen Services auf das nächste Level zu heben? Dann s...,1745938848,Email: maike.eckert@check24.de,"Gewünschte Bewerbungsarten: über Internet

Internetadresse: https://www.finest-jobs.com/Stellenanzeige/Python-Developer-D-Insurtech-1109899?cp=BA

Stellenangebot-Details in der Jobsuche der BA aufrufen:12811-1715101-S","Wir bei CHECK24 in Hamburg wachsen und suchen einen Python Developer (m/w/d) InsurTech! Du begeisterst Dich für die Welt der Automatisierung & hast Lust unsere internen Services auf das nächste Level zu heben? Dann sollten wir uns definitiv kennenlernen!   Bei uns kannst Du Dein Wissen im Team einbringen und lernst dabei auch jeden Tag etwas Neues dazu! Mach Dir ein erstes Bild davon, was Developer bei CHECK24 bedeutet:  Agiles Arbeiten: in Kanban Große Firma, kleine Teams: Kurze Kommunikationswege Tech-Stack: Full-Stack, Python, Django, HTML / HTMX / JavaScript Wir freuen uns auf Deine Bewerbung als Python Developer (m/w/d) InsurTech bei der CHECK24 Vergleichsportal für Krankenversicherungen GmbH. Zu Deinen Aufgaben zählen Unterstützung bei der Bereitstellung zentraler Services, insbesondere im Bereich On- und Offboarding, zur Optimierung und Effizienzsteigerung der Nutzung Du hilfst durch die Nutzung verschiedener APIs bei der Automatisierung diverser Services, um Prozesse zu optimieren und die Effizienz zu steigern Du wirkst an der Betreuung und Weiterentwicklung von Komponenten unserer internen User-Portale mit Unterstützung bei der Entwicklung und Implementierung von Schnittstellen zur Kommunikation mit internen und externen Diensten zur Sicherstellung einer reibungslosen Interaktion und Datenübertragung Du arbeitest eng mit unserem Helpdesk und 2nd-Level Teams zusammen, um technische und fachliche Projekte umzusetzen. Dabei überwachst und analysiert Du unsere Applikationen kontinuierlich, um ein optimales Nutzungserlebnis für unsere Mitarbeiter (m/w/d) sicherzustellen Regelmäßige Stand-up-Meetings und gegenseitige Code-Reviews bringen euer Team und Projekte effizient voran   Was Du mitbringst Du hast erste oder bereits gute Erfahrungen in der Entwicklung mit Python gesammelt Idealerweise hast du bereits erste Berührungspunkte mit der Automatisierung von Prozessen Du bringst Kenntnisse in der Administration von Linux-Systemen (Ubuntu / Debian) mit Erste Erfahrungen im Umgang mit Containern (z.B. Docker) und Datenbanken (z. B. MySQL) sind von Vorteil Verhandlungssichere Deutschkenntnisse (mind. C1-Niveau) in Wort und Schrift sind ein must-have  Was wir Dir bieten Das Beste aus beiden Welten: CHECK24 pflegt eine Präsenzkultur und verbindet alle Vorteile eines etablierten Unternehmens mit Startup-Flair. Wir planen langfristig, und gleichzeitig erhältst Du die Möglichkeit, Prozesse aktiv mitzugestalten Persönliches Wachstum: Erfahrene Kollegen (m/w/d), feste Ansprechpartner (m/w/d) und unser Teamspirit garantieren ein optimales Onboarding. Eine spezialisierte Personalentwicklung und ein umfangreicher Trainingskatalog fördern Deine individuelle Karriere. Regelmäßige Retrospektiven dienen der kontinuierlichen Weiterentwicklung unserer Zusammenarbeit Developer Experience: Eine große und einzigartige Developer-Community freut sich, Dich kennenzulernen! Tief verwurzelt in Hamburgs Tech-Community hosten wir regelmäßig verschiedene Meet-ups, Code-Reviews und Speaker bei uns vor Ort Attraktives Gehaltspaket: Zusätzlich bieten wir attraktive Gutscheine für eine Vielzahl an CHECK24-Produkten, eine großzügige Unterstützung bei der betrieblichen Altersvorsorge sowie eine sehr gute Kostenbeteiligung am EGYM Wellpass Food & Drinks: Die ganze Arbeitswoche über kostenfreier Office-Lunch, frisches Obst, Heiß- und Kaltgetränke zur freien Verfügung und eine Auswahl an verschiedenen Müslisorten sind bei uns selbstverständlich! Nachhaltige Mobilität: Unser zentraler Standort im Herzen Hamburgs ermöglicht eine bequeme Anreise mit öffentlichen Verkehrsmitteln oder dem Fahrrad - dafür bieten wir Dir ein 100 % kostenfreies Deutschlandticket oder fördern Dein Firmenfahrradleasing Umfangreiches Gesundheitspaket: Ein flexibel abrufbares Gesundheitsbudget und die Möglichkeit, an unseren gemeinsamen sportlichen Aktivitäten (z.B. Fußball, Alsterläufe, Rückenfit - im Sommer auch auf der Dachterrasse) teilzunehmen Work-Life-Balance: Von Montag bis Donnerstag arbeiten wir eng vor Ort zusammen. Am Freitag besteht die Möglichkeit zum mobilen Arbeiten. Neben 28 Tagen Urlaub kannst Du bei uns bis zu 10 Tage unbezahlten Urlaub in Anspruch nehmen CHECKito-Spirit: Da wir großen Wert auf ein gutes Miteinander vor Ort in unserem Office legen, erwartet Dich bei uns eine lockere Arbeitsatmosphäre mit Duz-Kultur, regelmäßigen Drink-Outs und coolen Team-Events. Für die Pause locken eine Tischtennisplatte, ein Kicker, unser Grill auf der Dachterrasse sowie der einzigartige Blick über die Außenalster Wir statten Dich aus: Ergonomischer Arbeitsplatz mit modernem Equipment (wie z.B. MacBook sowie zusätzliche Bildschirme) und höhenverstellbarem Tisch ab dem ersten Tag Hast Du Fragen? Maike Eckert Recruitingmaike.eckert@check24.dehttps://jobs.check24.deBewerbungen können ausschließlich online über unser Bewerbungsformular angenommen werden.",,2025-04-29 14:53:49.911548,,maike.eckert@check24.de,eures,,"[""https://www.finest-jobs.com/Stellenanzeige/Python-Developer-D-Insurtech-1109899?cp=BA"", ""https://www.arbeitsagentur.de/jobsuche/jobdetail/12811-1715101-S""]",,"[""maike.eckert@check24.de""]",,,"[""job""]",
54,Softwaretester / -entwickler Python (m/w/d),FERCHAU GmbH Niederlassung München Mobility,Poing bei München (85586),,vor 21 Tagen,https://www.arbeitsagentur.de/jobsuche/jobdetail/12265-458401_JB4721169-S,"Softwaretester / -entwickler Python (m/w/d)
Kopfbereich
Arbeit
IT-Tester/in
Softwaretester / -entwickler Python (m/w/d)
FERCHAU GmbH Niederlassung München Mobility
Vollzeit
Poing bei München
ab sofort
vor 21 Tagen
Stellenbeschreibung
Stelle im Rahmen der Arbeitnehmerüberlassung
Technologischer Forts...",1745938841,"Application Links:
Apply URL: https://www.arbeitsagentur.de/jobsuche/suche?kundennummer=ufkpF47n0WlVnSWOu05UslNXOl0xb1KTvoxjP-2lFfM=__del__FERCHAU%20GmbH%20Niederlassung%20M%C3%BCnchen%20Mobility&amp;angebotsart=1
Apply URL: https://www.arbeitsagentur.de/jobsuche/jobdetail/12265-458401_JB4721169-S",,"Softwaretester / -entwickler Python (m/w/d)
Kopfbereich
Arbeit
IT-Tester/in
Softwaretester / -entwickler Python (m/w/d)
FERCHAU GmbH Niederlassung München Mobility
Vollzeit
Poing bei München
ab sofort
vor 21 Tagen
Stellenbeschreibung
Stelle im Rahmen der Arbeitnehmerüberlassung
Technologischer Fortschritt gelingt nur, wenn Visionen zur Realität werden. Dazu bringen wir bei FERCHAU als eine der führenden europäischen Plattformen für Technologie-Dienstleistungen die smartesten und innovativsten Köpfe mit Unternehmen verschiedenster Branchen zusammen. Wir suchen dich: als ambitionierte:r Kolleg:in, der:die wie wir Technologien auf die nächste Stufe bringen möchte. Wir realisieren spannende Projekte für namhafte Kunden in allen Technologiebereichen und für alle Branchen und übernehmen Verantwortung für komplexe Entwicklungsprojekte.
Softwaretester / -entwickler Python (m/w/d)
Ihre Aufgaben:
Diese Herausforderungen übernimmst du
Konzeption, Implementierung und Wartung von Testautomatisierungslösungen
Bereitstellung der Infrastrukturen und Tools zur Erstellung und Durchführung automatisierter Tests
Ansprechpartner:in für interne Testautomatisierungslösungen
Zusammenarbeit mit internationalen Test- und Entwicklungsteams
Das sind deine Perspektiven für die Zukunft
Unbefristeter Arbeitsvertrag",,2025-04-29 15:00:41.867814,,,Arbeitsagentur.de (Jobsuche),,"Apply URL: https://www.arbeitsagentur.de/jobsuche/suche?kundennummer=ufkpF47n0WlVnSWOu05UslNXOl0xb1KTvoxjP-2lFfM=__del__FERCHAU%20GmbH%20Niederlassung%20M%C3%BCnchen%20Mobility&amp;angebotsart=1
Apply URL: https://www.arbeitsagentur.de/jobsuche/jobdetail/12265-458401_JB4721169-S",vor 21 Tagen,,,,"[""job""]",
53,Java/ Python Backend Developer (m/w/d) (Web Developer),Exclusive Associates,"Germany: Düsseldorf, urban district",Full-time,24/04/2025,https://europa.eu/eures/portal/jv-se/jv-details/MTIyODgtNDIwNjA4OTI4NC1TIDE?lang=en,"Stellenangebotsbeschreibung:  Überblick Unser Kunde ist ein etabliertes Unternehmen, das auf innovative Softwarelösungen setzt und sein Team von hochqualifizierten Entwicklern erweitern möchte. Du suchst spannende Herausforderungen in der Backend-Ent...",1745938833,"Import OrganicDEExclusive Associates, Dammtorstraße 30, 20354 Hamburg, Deutschland, HamburgHamburg  -GermanyEmail:info@new-work.se","Gewünschte Bewerbungsarten: per E-Mail, über Internet

Internetadresse: https://www.persy.jobs/persy/l/jap-ffxpz-b

Stellenangebot-Details in der Jobsuche der BA aufrufen:12288-4206089284-S","Überblick Unser Kunde ist ein etabliertes Unternehmen, das aufinnovative Softwarelösungen setzt und sein Team vonhochqualifizierten Entwicklern erweitern möchte. Du suchst spannendeHerausforderungen in der Backend-Entwicklung und möchtest in einemdynamischen Umfeld arbeiten? Dann bist du hier genau richtig! ZurVerstärkung des Teams suchen wir einen motivierten Java/ PythonBackend Developer (m/w/d) . Aufgaben Entwicklung und Optimierung vonkomplexen Backend-Systemen unter Verwendung von Java und Python Aufbauund Pflege von Datenbankstrukturen (z.B. MySQL, PostgreSQL)Entwicklung und Integration von REST APIs und MicroservicesSicherstellung der Performance, Skalierbarkeit und Sicherheit derAnwendungen Zusammenarbeit mit Frontend-Entwicklern und anderen Teamszur Implementierung neuer Features Wartung und kontinuierlicheVerbesserung bestehender Systeme Profil Abgeschlossenes Studium imBereich Informatik oder eine vergleichbare Qualifikation Erfahrung inder Backend-Entwicklung mit Java und/oder Python Erfahrung mit Docker,Kubernetes oder anderen Container-Technologien Gute Kenntnisse in derArbeit mit SQL-Datenbanken wie MySQL oder PostgreSQL Erfahrung in derEntwicklung und Integration von REST APIs ist von Vorteil Verständnisvon Cloud-Services (z.B. AWS, Azure oder Google Cloud) ist von VorteilEigenverantwortliche und analytische Arbeitsweise, gepaart mit hoherProblemlösungskompetenz Vorteile Spannende Projekte: Arbeite anzukunftsweisenden Technologien und Lösungen Flexibilität: FlexibleArbeitszeiten und Home-Office-Möglichkeiten Weiterbildung :Umfangreiche Weiterbildungs- und Entwicklungsmöglichkeiten AttraktiveVergütung: Fixgehalt mit leistungsbezogenen Boni Modernes Umfeld:Einsatz neuester Technologien und Tools Teamkultur: Kollegiale undoffene Arbeitsatmosphäre in einem engagierten Team Kontakt Haben wirDein Interesse geweckt? Dann freuen wir uns auf Deine Bewerbung! SendeDeine vollständigen Unterlagen (Anschreiben, Lebenslauf, Zeugnisse)per E-Mail an Arati Bamrolia untera.bamrolia@exclusive.de.comoderkontaktiere uns bei Fragen unter 0211 975 300 27 . Hinweis: DiesePosition erfordert eine lokale Präsenz in Deutschland. Bewerbungenvon Kandidaten außerhalb Deutschlands können leider nichtberücksichtigt werden.",,2025-04-29 14:53:49.911548,,info@new-work.se,eures,,"[""https://www.persy.jobs/persy/l/jap-ffxpz-b"", ""https://www.arbeitsagentur.de/jobsuche/jobdetail/12288-4206089284-S""]",,"[""info@new-work.se""]",Import OrganicDE,,"[""job""]",
52,Data Scientist (m/w/d) mit Schwerpunkt auf Python und...,AMADEUS FIRE AG,Köln (50672),,vor 20 Tagen,https://www.arbeitsagentur.de/jobsuche/jobdetail/12862-218385-S,"Data Scientist (m/w/d) mit Schwerpunkt auf Python und...
Kopfbereich
Arbeit
Data-Warehouse-Analyst/in
Data Scientist (m/w/d) mit Schwerpunkt auf Python und...
AMADEUS FIRE AG
Vollzeit
Köln
ab sofort
unbefristet
vor 20 Tagen
Stellenbeschreibung
Vergütung: 55.000-65.000 Euro
Stelle im Rahmen der Perso...",1745938824,"Application Links:
Apply URL: https://www.arbeitsagentur.de/jobsuche/suche?kundennummer=E6_5Hgr9GPhZOvcMTML1l7oEhSX5bOtortuwdZ5o3hM=__del__AMADEUS%20FIRE%20AG&amp;angebotsart=1
Apply URL: https://www.arbeitsagentur.de/jobsuche/jobdetail/12862-218385-S",,"Data Scientist (m/w/d) mit Schwerpunkt auf Python und...
Kopfbereich
Arbeit
Data-Warehouse-Analyst/in
Data Scientist (m/w/d) mit Schwerpunkt auf Python und...
AMADEUS FIRE AG
Vollzeit
Köln
ab sofort
unbefristet
vor 20 Tagen
Stellenbeschreibung
Vergütung: 55.000-65.000 Euro
Stelle im Rahmen der Personalvermittlung
Sind Sie auf der Suche nach einer neuen beruflichen Herausforderung? Möchten Sie Ihre Fähigkeiten und Talente in einem dynamischen Unternehmen einbringen? Dann haben wir genau das Richtige für Sie!Für ein Unternehmen aus der IT-Dienstleistungsbranche suchen wir im Kölner Raum im Rahmen der direkten Personalvermittlung in Festanstellung einen engagierten
Data Scientist (m/w/d) mit Schwerpunkt auf Python und Deep Learning
Ihre Benefits:
Eine sichere Festanstellung in Vollzeit
Sehr gute Arbeitsbedingungen und ein offenes Arbeitsklima
Diverse Schulungen und Weiterbildungen
Flexible Arbeitszeiten und Homeoffice-Möglichkeiten
Eine jährliche Prämie
Ein Job-Rad und ein Deutschlandticket
Die Möglichkeit zur betrieblichen Altersvorsorge
Bis zu 30+ Urlaubstage im Jahr
Ein attraktives Jahresgehalt von bis zu 65.000 Euro
Ihre Aufgaben:
Mitwirkung am Aufbau des Data Science Bereichs und an der Automatisierung von Prozessen",,2025-04-29 15:00:24.704038,,,Arbeitsagentur.de (Jobsuche),,"Apply URL: https://www.arbeitsagentur.de/jobsuche/suche?kundennummer=E6_5Hgr9GPhZOvcMTML1l7oEhSX5bOtortuwdZ5o3hM=__del__AMADEUS%20FIRE%20AG&amp;angebotsart=1
Apply URL: https://www.arbeitsagentur.de/jobsuche/jobdetail/12862-218385-S",vor 20 Tagen,,,,"[""job""]",
51,Java/Python & Cloud Developer (m/w/d) (Web Developer),Spilberg GmbH,"Germany: Düsseldorf, urban district",Full-time,25/04/2025,https://europa.eu/eures/portal/jv-se/jv-details/MTIyODgtNDE2Njk2MTE1Ny1TIDE?lang=en,Stellenangebotsbeschreibung:  Über uns Ein etabliertes Technologieunternehmen in Raum Köln/Düsseldorf entwickelt digitale Lösungen für verschiedene Industriebereiche und unterstützt seine Kunden bei der Optimierung von Produktions- und Logistikprozes...,1745938817,"Import OrganicDESpilberg GmbH, Dammtorstraße 30, 20354 Hamburg, Deutschland, HamburgHamburg  -GermanyEmail:info@new-work.se","Gewünschte Bewerbungsarten: per E-Mail, über Internet

Internetadresse: https://www.persy.jobs/persy/l/jap-f9cv9-b

Stellenangebot-Details in der Jobsuche der BA aufrufen:12288-4166961157-S","Über uns Ein etabliertes Technologieunternehmen in RaumKöln/Düsseldorf entwickelt digitale Lösungen für verschiedeneIndustriebereiche und unterstützt seine Kunden bei der Optimierungvon Produktions- und Logistikprozessen. Durch die enge Zusammenarbeitmit Partnern aus Forschung und Entwicklung treibt das Unternehmen dieDigitalisierung in seinem Marktsegment aktiv voran. AufgabenEntwicklung und Optimierung von Cloud-Anwendungen mit modernenTechnologien (z. B. Docker, Kubernetes, React, Django). Gestaltung,Implementierung und Betrieb von Cloud-Architekturen. Entwicklung vonAPIs und Services zur Integration von IoT-Geräten. Mitarbeit an derWeiterentwicklung bestehender Backend-Lösungen. ProfilAbgeschlossenes Studium der Informatik oder eine vergleichbareQualifikation. Erfahrung in der Entwicklung von Cloud-Software unddigitalen Lösungen. Kenntnisse in einer oder mehrerenProgrammiersprachen (z. B. Java, TypeScript, Python, Rust, Go).Vertrautheit mit Cloud-Diensten und Infrastructure-as-Code-Tools.Eigenständige und strukturierte Arbeitsweise sowie Teamgeist. GuteDeutsch (C1) - und Englischkenntnisse. Wir bieten Eine unbefristeteAnstellung mit langfristiger Perspektive. Flexible Arbeitszeiten undmobiles Arbeiten (2 tage Home Office) Moderne technische Ausstattungund Weiterbildungsmöglichkeiten. Ein teamorientiertes Arbeitsumfeldmit flachen Hierarchien.",,2025-04-29 14:53:49.911548,,info@new-work.se,eures,,"[""https://www.persy.jobs/persy/l/jap-f9cv9-b"", ""https://www.arbeitsagentur.de/jobsuche/jobdetail/12288-4166961157-S""]",,"[""info@new-work.se""]",Import OrganicDE,,"[""job""]",
50,Software Developer Python (m/w/d),FERCHAU GmbH Niederlassung Stuttgart Mobility,Stuttgart (70173),,vor 22 Tagen,https://www.arbeitsagentur.de/jobsuche/jobdetail/12265-281409_JB4719583-S,"Software Developer Python (m/w/d)
Kopfbereich
Arbeit
Softwareentwickler/in
Software Developer Python (m/w/d)
FERCHAU GmbH Niederlassung Stuttgart Mobility
Vollzeit
Stuttgart
ab sofort
vor 22 Tagen
Stellenbeschreibung
Stelle im Rahmen der Arbeitnehmerüberlassung
Technologischer Fortschritt gelingt nu...",1745938807,"Application Links:
Apply URL: https://www.arbeitsagentur.de/jobsuche/suche?kundennummer=ROik87b7c4puiQuhGetKx6ykdxR8Oqrk7zm8oH8gSdU=__del__FERCHAU%20GmbH%20Niederlassung%20Stuttgart%20Mobility&amp;angebotsart=1
Apply URL: https://www.arbeitsagentur.de/jobsuche/jobdetail/12265-281409_JB4719583-S",,"Software Developer Python (m/w/d)
Kopfbereich
Arbeit
Softwareentwickler/in
Software Developer Python (m/w/d)
FERCHAU GmbH Niederlassung Stuttgart Mobility
Vollzeit
Stuttgart
ab sofort
vor 22 Tagen
Stellenbeschreibung
Stelle im Rahmen der Arbeitnehmerüberlassung
Technologischer Fortschritt gelingt nur, wenn Visionen zur Realität werden. Dazu bringen wir bei FERCHAU als eine der führenden europäischen Plattformen für Technologie-Dienstleistungen die smartesten und innovativsten Köpfe mit Unternehmen verschiedenster Branchen zusammen. Wir suchen dich: als ambitionierte:r Kolleg:in, der:die wie wir Technologien auf die nächste Stufe bringen möchte. Wir realisieren spannende Projekte für namhafte Kunden in allen Technologiebereichen und für alle Branchen und entwickeln für unsere Kunden vielfältige, maßgeschneiderte Anwendungen - von Websites über Desktopsoftware bis zu nativen Apps oder Web-Apps. Du möchtest dein Potenzial vollständig entfalten können? Wir bieten dir eine Umgebung mit vielfältigen Aufgaben, neuen Herausforderungen und permanenten Chancen, in der du weiter wachsen und dein Profil schärfen kannst.
Software Developer Python (m/w/d)
Ihre Aufgaben:
Dein Aufgabengebiet
Entwicklung von Webportalen in Python
Anpassung von Features
Design und Entwicklung von Netzwerkanwendungen unter Linux
Verbesserung von User-Interfaces
Aufsetzen und Betreiben von SQL- und NoSQL-Datenbanken, wie zum Beispiel PostgreSQL
Agile Entwicklung in Anlehnung an Scrum und Kanban",,2025-04-29 15:00:07.400387,,,Arbeitsagentur.de (Jobsuche),,"Apply URL: https://www.arbeitsagentur.de/jobsuche/suche?kundennummer=ROik87b7c4puiQuhGetKx6ykdxR8Oqrk7zm8oH8gSdU=__del__FERCHAU%20GmbH%20Niederlassung%20Stuttgart%20Mobility&amp;angebotsart=1
Apply URL: https://www.arbeitsagentur.de/jobsuche/jobdetail/12265-281409_JB4719583-S",vor 22 Tagen,,,,"[""job""]",
49,Software Entwickler Python/Angular (m/w/d) (Softwareentwickler/in),FERCHAU GmbH Niederlassung Lübeck,"Germany: Lübeck, urban district",Full-time,11/04/2025,https://europa.eu/eures/portal/jv-se/jv-details/MTIyNjUtMjQzMTMwX0pCNDcyNjUyOC1TIDE?lang=en,"Stellenangebotsbeschreibung:  Technologien auf das nächste Level zu heben, sich Herausforderungen zu stellen und an den Innovationen von morgen zu arbeiten - dafür benötigen wir bei FERCHAU Expert:innen wie dich: als ambitionierte:r Kolleg:in, der:di...",1745938802,"Amira IlleikFERCHAU GmbH, Hafenstraße 35, 23568 Lübeck, Deutschland, Schleswig-HolsteinLübeck, urban district  -GermanyTel.:+49 451 2926810Email:luebeck@ferchau.com","Gewünschte Bewerbungsarten: über www.arbeitsagentur.de, per E-Mail, schriftlich, über Internet

Internetadresse: https://www.jobexport.de/job/4726528.html?exp=60&cid=243130

Angaben zur Bewerbung: Bewerben Sie sich bitte online über den Link ""Über die Internetseite des Arbeitgebers"". Ist dies nicht möglich, nehmen Sie bitte per E-Mail Kontakt mit dem angegebenen Ansprechpartner auf.

Stellenangebot-Details in der Jobsuche der BA aufrufen:12265-243130_JB4726528-S","Technologien auf das nächste Level zu heben, sich Herausforderungen zu stellen und an den Innovationen von morgen zu arbeiten - dafür benötigen wir bei FERCHAU Expert:innen wie dich: als ambitionierte:r Kolleg:in, der:die wie wir Technologien auf die nächste Stufe bringen möchte. Wir realisieren spannende Projekte für namhafte Anbieter und Entwickler von IT-Lösungen für smarte Integration von IT-Trends und etablierter Lösungen. Du weißt genau, was du technologisch auf dem Kasten haben? Du suchst einen Arbeitgeber, der das genau erkennt, der sein Engagement wertschätzt und dir regelmäßig Weiterbildungsmöglichkeiten anbietet? Dann bewirb dich bei uns!Software Entwickler Python/Angular (m/w/d)Ihre Aufgaben:Diese Herausforderungen übernimmst du- Konzeption, Entwicklung und Implementierung von Software-Applikationen im agilen Umfeld- Fullstack Entwicklung im Backend mit Python und im Frontend mit Angular/TypeScript- Umsetzung von Clean-Code-Richtlinien und Pair ProgrammingDas sind deine Perspektiven für die Zukunft- Unbefristeter Arbeitsvertrag und 30 Tage Urlaub- Viel Flexibilität durch die Möglichkeit mobil zu Arbeiten- Networking und einfach Spaß haben bei Teamevents, Weihnachtsfeiern oder Sommerfesten- Fachliche und persönliche WeiterentwicklungsmöglichkeitenIhre Qualifikationen:Überzeuge uns mit deinen Qualifikationen- Abgeschlossenes Hochschulstudium im Bereich Informatik, Software Engineering oder eine vergleichbare Ausbildung in der Fachinformatik- Erste Berufserfahrung in der Softwareentwicklung mit Python und optimalerweise mit TypeScript/Angular- Spaß an Themen wie Clean Coding, Agilität und Softwaretesting- Fließende Deutsch- und gute Englischkenntnisse- Teamplayer:in und Lust an der Zusammenarbeit in interdisziplinären TeamsUnser Angebot ist wie gemacht für dich? Dann freuen wir uns auf deine Bewerbung - gern online unter der Kennziffer VA96-71529-HL bei Frau Amira Illeik. Wir matchen: dein Potenzial und unsere Möglichkeiten. Challenge accepted? Starten wir gemeinsam das nächste Level und entwickeln die Zukunft!",,2025-04-29 14:53:49.911548,+49 451 2926810,luebeck@ferchau.com,eures,,"[""http://www.arbeitsagentur.de"", ""https://www.jobexport.de/job/4726528.html?exp=60&cid=243130"", ""https://www.arbeitsagentur.de/jobsuche/jobdetail/12265-243130_JB4726528-S""]",,"[""luebeck@ferchau.com""]",Amira Illeik,+49 451 2926810,"[""job""]",
48,Entwickler Python (m/w/d),FERCHAU GmbH Niederlassung Potsdam,Hennigsdorf (16761),,vor 22 Tagen,https://www.arbeitsagentur.de/jobsuche/jobdetail/12265-241430_JB4719566-S,"Entwickler Python (m/w/d)
Kopfbereich
Arbeit
Informatiker/in
Entwickler Python (m/w/d)
FERCHAU GmbH Niederlassung Potsdam
Vollzeit
Hennigsdorf
ab sofort
vor 22 Tagen
Stellenbeschreibung
Stelle im Rahmen der Arbeitnehmerüberlassung
Technologien auf das nächste Level heben. Sich Herausforderungen stel...",1745938790,"Application Links:
Apply URL: https://www.arbeitsagentur.de/jobsuche/suche?kundennummer=HsWZ0BuBTWtUFHTmSmuOpaswt8KeYLzLCja9pzSOCik=__del__FERCHAU%20GmbH%20Niederlassung%20Potsdam&amp;angebotsart=1
Apply URL: https://www.arbeitsagentur.de/jobsuche/jobdetail/12265-241430_JB4719566-S",,"Entwickler Python (m/w/d)
Kopfbereich
Arbeit
Informatiker/in
Entwickler Python (m/w/d)
FERCHAU GmbH Niederlassung Potsdam
Vollzeit
Hennigsdorf
ab sofort
vor 22 Tagen
Stellenbeschreibung
Stelle im Rahmen der Arbeitnehmerüberlassung
Technologien auf das nächste Level heben. Sich Herausforderungen stellen und an den Innovationen von morgen arbeiten - dafür benötigen wir bei FERCHAU Expert:innen wie dich: Wir realisieren spannende Projekte für namhafte Anbieter und Entwickler von IT-Lösungen und bringen die Themen Digitalisierung und Vernetzung nach vorne. Du weißt genau, was du technologisch auf dem Kasten hast? Du suchst einen Arbeitgeber, der das genau erkennt? Der dein Engagement wertschätzt und dir regelmäßig Weiterbildungsmöglichkeiten anbietet? Dann bewirb dich bei uns!
Entwickler Python (m/w/d)
Ihre Aufgaben:
Dein Aufgabengebiet
Planung, Konzeption und Entwicklung von Softwareanwendungen mittels moderner Technologien
Technische Umsetzung nach agilen Softwaredesign-Prinzipien
Qualitätssicherung: Dokumentation, Debugging und Testing
Requirements Engineering
Weiterentwicklung der Systemarchitektur
Deine Vorteile bei uns",,2025-04-29 14:59:50.786614,,,Arbeitsagentur.de (Jobsuche),,"Apply URL: https://www.arbeitsagentur.de/jobsuche/suche?kundennummer=HsWZ0BuBTWtUFHTmSmuOpaswt8KeYLzLCja9pzSOCik=__del__FERCHAU%20GmbH%20Niederlassung%20Potsdam&amp;angebotsart=1
Apply URL: https://www.arbeitsagentur.de/jobsuche/jobdetail/12265-241430_JB4719566-S",vor 22 Tagen,,,,"[""job""]",
47,(Senior) Data Scientist (Python) (m/w/d) (Personalvermittler/in),GS Elektromedizinische Geräte G. Stemple GmbH,Germany: Landsberg am Lech,Unknown Schedule,22/04/2025,https://europa.eu/eures/portal/jv-se/jv-details/MTg4OTYtODQyOTQ2NS1TIDE?lang=en,"Stellenangebotsbeschreibung:  https://corpuls.world/  (Senior) Data Scientist (Python) (m/w/d)  Kaufering, Hauswiesenstraße Präsenz / Mobil Seit 1982 entwickelt und fertigt die GS Elektromedizinische Geräte GmbH innovative High-End-Geräte für die Not...",1745938787,,"Gewünschte Bewerbungsarten: über das Portal

Stellenangebot-Details in der Jobsuche der BA aufrufen:18896-8429465-S","https://corpuls.world/(Senior) Data Scientist (Python) (m/w/d)Kaufering, HauswiesenstraßePräsenz / MobilSeit 1982 entwickelt und fertigt die GS Elektromedizinische Geräte GmbH innovative High-End-Geräte für die Notfall- und Intensivmedizin. Die unter dem Namen corpuls vertriebenen Systeme und Lösungen sind weltweit in über 75 Ländern im täglichen Einsatz. In unserem Firmensitz in Kaufering bei München schlagen inzwischen über 550 Herzen für die höchsten Ansprüche der Lebensretter. Bei corpuls entstehen aber nicht nur innovative Produkte, sondern auch erfolgreiche Karrieren. Dabei ist uns immer bewusst: Nur wer sich wohl fühlt, ist motiviert und kann stets neu begeistert werden. Uns ist es deshalb wichtig, hierfür das passende Umfeld zu schaffen.Dein Aufgabengebiet:Du wirst ein wertvolles Mitglied unseres Data Teams und trägst maßgeblich dazu bei, dass wir bei corpuls auch in Zukunft Einsatzkräften die bestmögliche Unterstützung bieten können. Deine Hauptaufgabe besteht darin, gemeinsam mit deinem Team und unseren Daten innovative Lösungen zu entwickeln.Dabei analysierst du sowohl Gerätedaten als auch physiologische Zeitseriendaten (Biosignale). Du entwickelst fortschrittliche Foundation-Modelle für deren Verarbeitung und nutzt KI-Modelle, um tiefere Einblicke in unsere Daten zu gewinnen, insbesondere in die Geräte- und Einsatzdaten realer Missionen.Durch die Analyse komplexer Zeitseriendaten und die Entwicklung prädiktiver Modelle zur Früherkennung von Gerätestörungen gestaltest du aktiv die Innovationsmöglichkeiten unseres Unternehmens mit. Deine Modelle könnten schon bald dazu beitragen, Menschenleben zu retten.Was du mitbringst:Du hast einen Abschluss in Data Science, Informatik, Mathematik, Statistik, Natur-/Ingenieurwissenschaften oder eine vergleichbare Qualifikation und bringst 5+ Jahre Erfahrung in der KI-Entwicklung sowie 3+ Jahre Erfahrung in der Softwareentwicklung (Python, C#, Ruby, Java, etc.) mit.Darüberhinaus bringst du mit:- Erfahrung mit Datenbanken, SQL und idealerweise Data Warehouse Technologien (dbt)- Kenntnisse in Statistik und Reporting- Selbstständige und teamorientierte Arbeitsweise- Anwendung gängiger Machine Learning Praktiken- Eigenständige Projektentwicklung von Anfang bis Ende- Resiliente und gut dokumentierte Auswertungen mit guter Softwarearchitektur- Vertrautheit mit Software-Engineering-Methoden (Design Patterns, Test Driven Development)Warum corpuls?In unserem Firmensitz in Kaufering schlagen inzwischen über 550 Herzen für die höchsten Ansprüche der Lebensretter aus weltweit über 75 Ländern. Bei corpuls entstehen aber nicht nur innovative Produkte, sondern auch erfolgreiche Karrieren. Dabei ist uns immer bewusst: Nur wer sich wohl fühlt, ist motiviert und kann stets neu begeistert werden. Uns ist es deshalb wichtig, hierfür das passende Umfeld zu schaffen. Bei corpuls erwartet dich unter anderem:- Home Office- Kindergarten-/Kitazuschuss- Betriebliche Altersvorsorge- Dienstwagen- Inhouse Fitnessstudio- Yoga und Rückentraining- Krisensicherer Arbeitsplatz- Müsli-Bar- Sportgruppen (Tennis, Klettern, etc.)- JobRad- Teamevents- Agile Work- Gesundheitsvorsorge- Moderne Arbeitsausstattung- Corporate BenefitsInteresse geweckt?Wir freuen uns darauf, Sie kennenzulernen! Bitte senden Sie uns Ihre Bewerbung, bestehend aus Lebenslauf und relevanten Zeugnissen, idealerweise mit Angabe Ihres frühestmöglichen Eintrittstermins sowie Ihrer Gehaltsvorstellung. Nutzen Sie hierfür bevorzugt unser unten stehendes Bewerbungsformular oder alternativ die Möglichkeit, uns per E-Mail zu kontaktieren. Werden Sie Teil unseres Teams und gestalten Sie mit uns die Zukunft in der Forschung & Entwicklung!Jetzt bewerben! (https://recruiting.corpuls.com/senior-data-scientist-python-mwd-de-f303.html?agid=18)",,2025-04-29 14:53:49.911548,,,eures,,"[""https://www.arbeitsagentur.de/jobsuche/jobdetail/18896-8429465-S""]",,,,,"[""job""]",
46,Systemingenieur Python (m/w/d) - 822-1074,top itservices AG,Hamburg (22083),,Gestern,https://www.arbeitsagentur.de/jobsuche/jobdetail/16115-822_1074_JB4716281-S,"Systemingenieur Python (m/w/d) - 822-1074
Kopfbereich
Arbeit
Data-Warehouse-Analyst/in
Systemingenieur Python (m/w/d) - 822-1074
top itservices AG
Vollzeit
Hamburg
ab 02.05.2025
Gestern
Stellenbeschreibung
Stelle im Rahmen der Personalvermittlung
Kompetent, persönlich und initiativ - das ist die top...",1745938774,Email: job-60@top-itservices.com,,"Systemingenieur Python (m/w/d) - 822-1074
Kopfbereich
Arbeit
Data-Warehouse-Analyst/in
Systemingenieur Python (m/w/d) - 822-1074
top itservices AG
Vollzeit
Hamburg
ab 02.05.2025
Gestern
Stellenbeschreibung
Stelle im Rahmen der Personalvermittlung
Kompetent, persönlich und initiativ - das ist die top itservices AG. Wir beraten Unternehmen ganzheitlich in ihren IT-Projekten und unterstützen sie durch die professionelle Vermittlung von Fach- und Führungskräften. Für Festanstellungen, Projekte oder auf Zeit.
Sie suchen Ihre nächste Herausforderung? Dann suchen wir Sie!
Gemeinsam möchten wir einen signifikanten Mehrwert sowohl für Ihre individuelle Entwicklung als auch für den Erfolg unserer Kunden schaffen!
Nehmen Sie die Herausforderung an und besetzen Sie mit uns eine vakante Position in Festanstellung als Systemingenieur Python (m/w/d).
Aufgabenbeschreibung
• Administration der Systeme Open-Source Analytik
• Entwicklung und Wartung von Softwarelösungen in Python
• Durchführung von Code-Reviews und Qualitätssicherung
• Optimierung bestehender Anwendungen hinsichtlich Performance
Was Sie mitbringen sollten
• Abgeschlossenes Studium der Informatik oder eine vergleichbare Qualifikation
• Fundierte Kenntnisse in der Programmierung mit Python und mit dem Open-Shift Containersystem
• Mehrjährige Erfahrung im Systemmanagement und mit Systemen im Bereich Open-Source Analytik
• Fließende Deutschkenntnisse in Wort und Schrift",,2025-04-29 14:59:34.121853,,job-60@top-itservices.com,Arbeitsagentur.de (Jobsuche),,"Apply URL: https://www.arbeitsagentur.de/jobsuche/suche?kundennummer=N9QX7VUlTYV7lQGwz_lStW7cKbgYEVADt66yKuzZj_U=__del__top%20itservices%20AG&amp;angebotsart=1
Apply URL: https://www.arbeitsagentur.de/jobsuche/jobdetail/16115-822_1074_JB4716281-S",Gestern,,,,"[""job""]",
45,(Junior) Software Developer Python (m/w/d) (Softwareentwickler/in),FERCHAU GmbH Niederlassung Karlsruhe City,"Germany: Karlsruhe, urban district",Full-time,28/04/2025,https://europa.eu/eures/portal/jv-se/jv-details/MTIyNjUtNDQ2NDEwX0pCNDc0NjE1Mi1TIDE?lang=en,"Stellenangebotsbeschreibung:  Menschen und Technologien zu verbinden, den Perfect Match für unsere Kunden zu gestalten, immer die richtigen Expert:innen für die jeweilige Herausforderung zu finden - das ist unser Anspruch bei FERCHAU und dafür suchen...",1745938772,"Patricia MaierFERCHAU GmbH, Lorenzstraße 29, 76135 Karlsruhe, Baden, Deutschland, Baden-WürttembergKarlsruhe, urban district  -GermanyTel.:+49 721 4902740Email:karlsruhe-it@ferchau.com","Gewünschte Bewerbungsarten: über www.arbeitsagentur.de, per E-Mail, schriftlich, über Internet

Internetadresse: https://www.jobexport.de/job/4746152.html?exp=60&cid=446410

Angaben zur Bewerbung: Bewerben Sie sich bitte online über den Link ""Über die Internetseite des Arbeitgebers"". Ist dies nicht möglich, nehmen Sie bitte per E-Mail Kontakt mit dem angegebenen Ansprechpartner auf.

Stellenangebot-Details in der Jobsuche der BA aufrufen:12265-446410_JB4746152-S","Menschen und Technologien zu verbinden, den Perfect Match für unsere Kunden zu gestalten, immer die richtigen Expert:innen für die jeweilige Herausforderung zu finden - das ist unser Anspruch bei FERCHAU und dafür suchen wir dich: als ambitionierte:r Kolleg:in, der:die wie wir Technologien auf die nächste Stufe bringen möchte. Wir realisieren spannende Projekte für namhafte Kunden in allen Technologiebereichen und für alle Branchen und übernehmen Verantwortung für komplexe Entwicklungsprojekte. Als Berufseinsteiger:in oder Berufserfahrene:r unterstützt du deine Kolleg:innen mit deinem langjährigen Know-how und deiner Expertise.(Junior) Software Developer Python (m/w/d)Ihre Aufgaben:Dein Aufgabengebiet- Du entwickelst innovative Desktop- und Web-Anwendungen mit Python, die die IT-Lösungen der Kunden nachhaltig prägen- Du optimierst und erweiterst bestehende Anwendungen - du bringst nicht nur neue Ideen ein, sondern sorgst dafür, dass bestehende Systeme effizienter und moderner werden- Du analysierst auftretende Fehler, finde nachhaltige Lösungen und übernimm die Verantwortung für die Stabilität und Funktionalität der von dir betreuten Applikationen- Du entwickelst und implementierst leistungsstarke Schnittstellen zu Datenbanken - egal ob SQL oder NoSQL, du sorgst für eine reibungslose DatenkommunikationDas bieten wir dir- Betriebliche Altersvorsorge- Satte Rabatte mit Einkaufsvergünstigungen, z. B. bei Reisen, Elektronik oder Autos- Fachliche und persönliche Weiterentwicklungsmöglichkeiten- Unterstützung bei der Kinderbetreuung durch Kitazuschuss- Wir bieten Sonderurlaub, Jubiläumszuwendungen uvm- Zuschuss für Bildschirmarbeitsplatzbrillen- Flexible Arbeitszeitgestaltung durch Gleitzeitregelungen, TeilzeitmöglichkeitenIhre Qualifikationen:Dein Profil- Du hast ein abgeschlossenes Studium oder eine Ausbildung im IT-Bereich - alternativ bringst du einfach viel Begeisterung und fundiertes Wissen mit- Du besitzt praktische Erfahrung in der Softwareentwicklung mit Python und bist sowohl beim Programmieren als auch beim Debuggen sicher- Kenntnisse im Umgang mit Linux sind ein Pluspunkt, aber kein Muss- Du bist vertraut mit Protokollen, Datenformaten und Technologien wie HTTP und JSON und weißt, wie du sie in Projekten anwendest- Gute Sprachkenntnisse in Deutsch und EnglischLust auf die nächste Herausforderung? Dann sollten wir uns unbedingt kennenlernen! Am schnellsten geht es, wenn du dich direkt bewirbst - gern online über den Button ""Jetzt Online Bewerben"" unter der Kennziffer VA49-13433-KA bei Frau Patricia Maier. Lass uns gemeinsam das nächste Level nehmen und Technologie nach vorn bringen!",,2025-04-29 14:53:49.911548,+49 721 4902740,karlsruhe-it@ferchau.com,eures,,"[""http://www.arbeitsagentur.de"", ""https://www.jobexport.de/job/4746152.html?exp=60&cid=446410"", ""https://www.arbeitsagentur.de/jobsuche/jobdetail/12265-446410_JB4746152-S""]",,"[""karlsruhe-it@ferchau.com""]",Patricia Maier,+49 721 4902740,"[""job""]",
43,Softwareentwickler Python (m/w/d) Flache Hierarchien (Softwareentwickler/in),GS-COMPANY GmbH & Co. KG,Germany: Oberhavel,Full-time,28/04/2025,https://europa.eu/eures/portal/jv-se/jv-details/MTI3MDEtMTAxMjYyMC1TIDE?lang=en,Stellenangebotsbeschreibung:  Softwareentwickler Python (m/w/d) mit Affinität zum Produktmanagement gesucht!  Für unseren Kunden aus dem Bereich der Softwarelösungen und Kommunikationstechnologie mit Sitz in der Region nord-westlich von Berlin suchen...,1745938758,"BolsewigGS-Company GmbH & Co. KG, Mittelstraße 18, 16515 Oranienburg, Deutschland, BrandenburgOberhavel  -GermanyTel.:+49 3301 6774530Email:bolsewig@gs-company.de","Gewünschte Bewerbungsarten: per E-Mail, schriftlich, über Internet

Internetadresse: http://gs-company.de/de/jobboerse/artikel-a262170-1012180.html

Stellenangebot-Details in der Jobsuche der BA aufrufen:12701-1012620-S","Softwareentwickler Python (m/w/d) mit Affinität zum Produktmanagement gesucht!Für unseren Kunden aus dem Bereich der Softwarelösungen und Kommunikationstechnologie mit Sitz in der Region nord-westlich von Berlin suchen wir kollegiale Verstärkung als Softwareentwickler Python mit Affinität zum Produktmanagement (m/w/d).Was Sie erwartet:- Flache Hierarchien mit einer offenen Feedbackkultur- Angenehme und kollegiale Teamatmosphäre- Flexible Arbeitszeitmodelle (unter Einhaltung der Hauptarbeitszeiten)- Strukturiertes und umfangreiches Onboarding- Mobiles Arbeiten möglich- Viel Raum für innovative Ideen und Gestaltungsmöglichkeiten- Individuelle Weiterbildung nach persönlichen Fähigkeiten und Kenntnissen- Kostenfreie Kaffee- und Wasser-Flatrate sowie frisches Obst- Gemeinsame Aktivitäten wie Kicker im Büro- Kostenfreie Firmenparkplätze, Dienstrad-Leasing und Vergünstigungen für das DeutschlandticketIhr Profil:- Abgeschlossenes Hochschulstudium in Informatik, einem IT-nahen Studiengang oder vergleichbare Ausbildung- Sehr gute Kenntnisse in der objektorientierten Entwicklung mit Python- Ausgeprägtes Verständnis von Softwarearchitektur und Systemintegration- Empathie und Verbindlichkeit in der Zusammenarbeit sowie Freude an der teamübergreifenden Arbeit- Vertrautheit mit gängigen Entwicklungsumgebungen, Versionskontrollsystemen (z. B. git), Ticketsystemen und Tools wie Confluence- Begeisterung für die Entwicklung eines tiefen Produktverständnisses, um Expertenwissen zu erlangen- Kundenorientierung und zielgruppenorientierte Kommunikation- Erfahrungen mit komplexen Software-Strukturen und agilen Softwareentwicklungsprozessen von Vorteil- Sehr gute Deutschkenntnisse- Selbstständige, strukturierte und qualitätsorientierte ArbeitsweiseIhre Aufgaben:Entwicklungsaufgaben:- Neu- und Weiterentwicklung von Anwendungen zur Erweiterung des Produktportfolios mit modernen Technologien- Technische Umsetzung nach agilen Softwaredesign-Prinzipien- Mitarbeit an der Weiterentwicklung der Systemarchitektur- Modellierung und Optimierung von Datenbanken (z. B. MySQL)- Entwicklung von APIs und Backend-Technologien, vorzugsweise in Python, für Linux-basierte Systeme- Durchführung von Funktions- und Integrationstests- Dokumentation der Entwicklungen und Sicherstellung von Qualität und NachvollziehbarkeitProduct Owner Aufgaben:- Konzeptionelle Weiterentwicklung bestehender Produkte in enger Zusammenarbeit mit Entwicklungs- und Testteam- Dokumentation im Ticketsystem und Wissensdatenbank- Pflege des Ticketbacklogs- Mitwirkung an Versionsplanungen- Anforderungs- und Stakeholdermanagement- Abstimmung mit externen Dienstleistern und Partnern- Dokumentation und Wissensmanagement im Ticketsystem und in der WissensdatenbankHaben wir Ihr Interesse geweckt? Dann freuen wir uns auf Ihre Bewerbung und darauf Sie persönlich kennenzulernen!Senden Sie uns Ihre Bewerbungsunterlagen ganz einfach per Mail bitte inkl. Ihrer Gehaltsvorstellungen an Frau Bolsewig,bolsewig@gs-company.deHinweis:Wir behandeln alle Bewerbungen selbstverständlich mit äußerster Sorgfalt und absolut vertraulich, damit Ihr Arbeitgeberwechsel diskret und unkompliziert ablaufen kann.Alle Stellenausschreibungen richten sich stets an männliche, weibliche und diverse Bewerber, unabhängig von Alter, Geschlecht, Herkunft, sexueller Orientierung, Behinderung, Religion und Weltanschauung. Die Auswahl der Bewerber erfolgt ausschließlich anhand von Qualifikationen.",,2025-04-29 14:53:49.911548,+49 3301 6774530,bolsewig@gs-company.de,eures,,"[""http://gs-company.de/de/jobboerse/artikel-a262170-1012180.html"", ""https://www.arbeitsagentur.de/jobsuche/jobdetail/12701-1012620-S""]",,"[""bolsewig@gs-company.de""]",Bolsewig,+49 3301 6774530,"[""job""]",
44,Python Softwaretester Medizintechnik (m/w/d),FERCHAU GmbH Niederlassung Lübeck,Lübeck (23556),,vor 11 Tagen,https://www.arbeitsagentur.de/jobsuche/jobdetail/12265-237402_JB4736382-S,"Python Softwaretester Medizintechnik (m/w/d)
Kopfbereich
Arbeit
IT-Tester/in
Python Softwaretester Medizintechnik (m/w/d)
FERCHAU GmbH Niederlassung Lübeck
Vollzeit
Lübeck
ab sofort
vor 11 Tagen
Stellenbeschreibung
Stelle im Rahmen der Arbeitnehmerüberlassung
Die besten Köpfe für die unterschiedlich...",1745938757,"Application Links:
Apply URL: https://www.arbeitsagentur.de/jobsuche/suche?kundennummer=HoYykgP727mhZZP-8CvlKGsR2Ztp60sKKFBAnN02yzQ=__del__FERCHAU%20GmbH%20Niederlassung%20L%C3%BCbeck&amp;angebotsart=1
Apply URL: https://www.arbeitsagentur.de/jobsuche/jobdetail/12265-237402_JB4736382-S",,"Python Softwaretester Medizintechnik (m/w/d)
Kopfbereich
Arbeit
IT-Tester/in
Python Softwaretester Medizintechnik (m/w/d)
FERCHAU GmbH Niederlassung Lübeck
Vollzeit
Lübeck
ab sofort
vor 11 Tagen
Stellenbeschreibung
Stelle im Rahmen der Arbeitnehmerüberlassung
Die besten Köpfe für die unterschiedlichsten Aufgaben zu finden sowie Menschen und Technologien zu verbinden, und zwar täglich aufs Neue - dafür schätzen unsere Kunden FERCHAU. Unterstütze uns: als ambitionierte:r Mitarbeitende:r für einen unserer Kunden. Wir realisieren spannende Projekte für namhafte Anbieter und Entwickler von IT-Lösungen und übernehmen Verantwortung für komplexe Entwicklungsprojekte. Du möchtest dein Potenzial vollständig entfalten können? Wir bieten dir eine Umgebung mit vielfältigen Aufgaben, neuen Herausforderungen und permanenten Chancen, in der du weiter wachsen und dein Profil schärfen kannst.
Python Softwaretester Medizintechnik (m/w/d)
Ihre Aufgaben:
Diese Herausforderungen übernimmst du
Planung, Durchführung und Implementierung von manuellen und automatisierten Software-Hardware-Integrationstests mit Python
Erstellung, Wartung und Durchführung von manuellen Softwaretests
Betreuung der Testtracks, um automatisierte Tests durchzuführen
Erstellung von Teststrategien und Testspezifikationen
Deine Vorteile bei uns
Unbefristeter Arbeitsvertrag",,2025-04-29 14:59:17.732220,,,Arbeitsagentur.de (Jobsuche),,"Apply URL: https://www.arbeitsagentur.de/jobsuche/suche?kundennummer=HoYykgP727mhZZP-8CvlKGsR2Ztp60sKKFBAnN02yzQ=__del__FERCHAU%20GmbH%20Niederlassung%20L%C3%BCbeck&amp;angebotsart=1
Apply URL: https://www.arbeitsagentur.de/jobsuche/jobdetail/12265-237402_JB4736382-S",vor 11 Tagen,,,,"[""job""]",
42,Softwaretester / -entwickler Python (m/w/d) (IT-Tester/in),FERCHAU GmbH Niederlassung München Mobility,Germany: Ebersberg,Full-time,08/04/2025,https://europa.eu/eures/portal/jv-se/jv-details/MTIyNjUtNDU4NDAxX0pCNDcyMTE2OS1TIDE?lang=en,"Stellenangebotsbeschreibung:  Technologischer Fortschritt gelingt nur, wenn Visionen zur Realität werden. Dazu bringen wir bei FERCHAU als eine der führenden europäischen Plattformen für Technologie-Dienstleistungen die smartesten und innovativsten K...",1745938742,"Sarah DemelFERCHAU GmbH, Elsenheimerstraße 57, 80687 München, Deutschland, BayernMunich, urban district  -GermanyTel.:+49 89 50038125Email:muenchen-city@ferchau.com","Gewünschte Bewerbungsarten: über www.arbeitsagentur.de, per E-Mail, schriftlich, über Internet

Internetadresse: https://www.jobexport.de/job/4721169.html?exp=60&cid=458401

Angaben zur Bewerbung: Bewerben Sie sich bitte online über den Link ""Über die Internetseite des Arbeitgebers"". Ist dies nicht möglich, nehmen Sie bitte per E-Mail Kontakt mit dem angegebenen Ansprechpartner auf.

Stellenangebot-Details in der Jobsuche der BA aufrufen:12265-458401_JB4721169-S","Technologischer Fortschritt gelingt nur, wenn Visionen zur Realität werden. Dazu bringen wir bei FERCHAU als eine der führenden europäischen Plattformen für Technologie-Dienstleistungen die smartesten und innovativsten Köpfe mit Unternehmen verschiedenster Branchen zusammen. Wir suchen dich: als ambitionierte:r Kolleg:in, der:die wie wir Technologien auf die nächste Stufe bringen möchte. Wir realisieren spannende Projekte für namhafte Kunden in allen Technologiebereichen und für alle Branchen und übernehmen Verantwortung für komplexe Entwicklungsprojekte.Softwaretester / -entwickler Python (m/w/d)Ihre Aufgaben:Diese Herausforderungen übernimmst du- Konzeption, Implementierung und Wartung von Testautomatisierungslösungen- Bereitstellung der Infrastrukturen und Tools zur Erstellung und Durchführung automatisierter Tests- Ansprechpartner:in für interne Testautomatisierungslösungen- Zusammenarbeit mit internationalen Test- und EntwicklungsteamsDas sind deine Perspektiven für die Zukunft- Unbefristeter Arbeitsvertrag- Flexible Arbeitszeitgestaltung durch Gleitzeitregelungen- Flexibilität durch die Möglichkeit, mobil zu arbeiten (abhängig vom Kundenunternehmen)Ihre Qualifikationen:Unsere Erwartungen an dich- Erfolgreich abgeschlossenes Studium im Bereich Informatik, Computer Engineering oder vergleichbar- Erfahrung in der Softwareentwicklung mit Python- Kenntnisse in DevOps-Tools wie Azure DevOps, Jenkins, Docker, Ansible- Kenntnisse in der Testautomatisierung, idealerweise ISTQB-Zertifizierung- Sehr gute Deutsch- und EnglischkenntnisseUnser Angebot ist wie für dich gemacht? Dann freuen wir uns auf deine Bewerbung - gern online mit Angabe deiner Verfügbarkeit und deiner Gehaltsvorstellung unter der Kennziffer VA57-50333-MC bei Frau Sarah Demel. Wir matchen: dein Potenzial und unsere Möglichkeiten. Challenge accepted? Starten wir gemeinsam das nächste Level und entwickeln die Zukunft!",,2025-04-29 14:53:49.911548,+49 89 50038125,muenchen-city@ferchau.com,eures,,"[""http://www.arbeitsagentur.de"", ""https://www.jobexport.de/job/4721169.html?exp=60&cid=458401"", ""https://www.arbeitsagentur.de/jobsuche/jobdetail/12265-458401_JB4721169-S""]",,"[""muenchen-city@ferchau.com""]",Sarah Demel,+49 89 50038125,"[""job""]",
41,(Junior) Software Developer Python (m/w/d),FERCHAU GmbH Niederlassung Karlsruhe City,"Karlsruhe, Baden (76135)",,Gestern,https://www.arbeitsagentur.de/jobsuche/jobdetail/12265-446410_JB4746152-S,"(Junior) Software Developer Python (m/w/d)
Kopfbereich
Arbeit
Softwareentwickler/in
(Junior) Software Developer Python (m/w/d)
FERCHAU GmbH Niederlassung Karlsruhe City
Vollzeit
Karlsruhe, Baden
ab 02.05.2025
Gestern
Stellenbeschreibung
Stelle im Rahmen der Arbeitnehmerüberlassung
Menschen und Techn...",1745938740,"Application Links:
Apply URL: https://www.arbeitsagentur.de/jobsuche/suche?kundennummer=6E0pgGnZYE8MUFrGpDFYUtXnZJM7geagU-4h7X47idc=__del__FERCHAU%20GmbH%20Niederlassung%20Karlsruhe%20City&amp;angebotsart=1
Apply URL: https://www.arbeitsagentur.de/jobsuche/jobdetail/12265-446410_JB4746152-S",,"(Junior) Software Developer Python (m/w/d)
Kopfbereich
Arbeit
Softwareentwickler/in
(Junior) Software Developer Python (m/w/d)
FERCHAU GmbH Niederlassung Karlsruhe City
Vollzeit
Karlsruhe, Baden
ab 02.05.2025
Gestern
Stellenbeschreibung
Stelle im Rahmen der Arbeitnehmerüberlassung
Menschen und Technologien zu verbinden, den Perfect Match für unsere Kunden zu gestalten, immer die richtigen Expert:innen für die jeweilige Herausforderung zu finden - das ist unser Anspruch bei FERCHAU und dafür suchen wir dich: als ambitionierte:r Kolleg:in, der:die wie wir Technologien auf die nächste Stufe bringen möchte. Wir realisieren spannende Projekte für namhafte Kunden in allen Technologiebereichen und für alle Branchen und übernehmen Verantwortung für komplexe Entwicklungsprojekte. Als Berufseinsteiger:in oder Berufserfahrene:r unterstützt du deine Kolleg:innen mit deinem langjährigen Know-how und deiner Expertise.
(Junior) Software Developer Python (m/w/d)
Ihre Aufgaben:
Dein Aufgabengebiet
Du entwickelst innovative Desktop- und Web-Anwendungen mit Python, die die IT-Lösungen der Kunden nachhaltig prägen
Du optimierst und erweiterst bestehende Anwendungen - du bringst nicht nur neue Ideen ein, sondern sorgst dafür, dass bestehende Systeme effizienter und moderner werden
Du analysierst auftretende Fehler, finde nachhaltige Lösungen und übernimm die Verantwortung für die Stabilität und Funktionalität der von dir betreuten Applikationen
Du entwickelst und implementierst leistungsstarke Schnittstellen zu Datenbanken - egal ob SQL oder NoSQL, du sorgst für eine reibungslose Datenkommunikation
Das bieten wir dir
Betriebliche Altersvorsorge",,2025-04-29 14:59:00.292758,,,Arbeitsagentur.de (Jobsuche),,"Apply URL: https://www.arbeitsagentur.de/jobsuche/suche?kundennummer=6E0pgGnZYE8MUFrGpDFYUtXnZJM7geagU-4h7X47idc=__del__FERCHAU%20GmbH%20Niederlassung%20Karlsruhe%20City&amp;angebotsart=1
Apply URL: https://www.arbeitsagentur.de/jobsuche/jobdetail/12265-446410_JB4746152-S",Gestern,,,,"[""job""]",
40,Informatiker VBA/C/Python (w/m/d) (Informatiker/in),Brunel GmbH NL Nürnberg,"Germany: Nuremberg, urban district",Full-time,17/04/2025,https://europa.eu/eures/portal/jv-se/jv-details/MTIzNjItUFItMjUxNjUyXzU0NjU3MUxTLVMgMQ?lang=en,Stellenangebotsbeschreibung:  Ihre Aufgaben  Möchten Sie die nächste Stufe in Ihrer Karriere erreichen- Bei Brunel haben Sie die Möglichkeit sich bei namhaften Kunden kontinuierlich weiterzuentwickeln - und das branchenübergreifend. Machen Sie noch h...,1745938728,,"Gewünschte Bewerbungsarten: über Internet

Internetadresse: https://www.brunel.net/de-de/jobs/informatiker-vbacpython-wmd-pr-251652?utm_source=arbeitsagentur&utm_campaign=stellenanzeige

Stellenangebot-Details in der Jobsuche der BA aufrufen:12362-PR-251652_546571LS-S","Ihre AufgabenMöchten Sie die nächste Stufe in Ihrer Karriere erreichen- Bei Brunel haben Sie die Möglichkeit sich bei namhaften Kunden kontinuierlich weiterzuentwickeln - und das branchenübergreifend. Machen Sie noch heute den entscheidenden Schritt Ihrer Karriere und bewerben Sie sich bei uns als Informatiker VBA/C/Python (w/m/d).Ihre Aufgaben umfassen:Betreuung eines internen Datenbanktools- Weiterentwicklung des Tools swoie der enthaltenen Fetaures- Update der Dokumentation des Tools- Schulung von Usern zu neuen Features- Abwägen sowie Umsetzung von User-Anforderungen- Ggf. Erstellen von Lastenheften für Ersatzmöglichkeiten auf Basis bestehender Features- Erstellung von Pflichten- und Lastenheften- Erstellung und Pflege von Anwender- wie Entwicklerdokumentation- kontinuierliche Verbesserung der Tools in Absprache mit den Anwendern- Projektbetreuung während der Anwendung der Tools- Schulung der Tools bei den AnwendernIhre QualifikationenIdealerweise bringen Sie folgendes mit:Abgeschlossenes Studium mit Schwerpunkt Informatik, E-Technik oder vergleichbar- Fundierte Programmierkenntnisse in einer Hochsprache (VBA, C, Perl, Python, Java…)- Sicher im Umgang mit Datenbanken, idealerweise mit SQL-Programmierfähigkeiten- Grundlegendes Verständnis für Hardwareplanung von Automatisierung und Leittechnik- Erfahrung in der Dokumentation von Programmierergebnissen wie beispielsweise der Kommentierung von Programmcode sowie Anwenderbeschreibung von erstellten Funktionen- Deutsch fließend- Englisch gute Kenntnisse- Französisch wünschenswertIhre VorteileVom ersten Tag an bieten wir eine außergewöhnliche Projektvielfalt, sowie eine eigenverantwortliche und abwechslungsreiche Tätigkeit. Es erwartet Sie ein kooperatives und dynamisches Umfeld in einem stark expandierenden und modernen Unternehmen, welches großen Wert auf die berufliche und persönliche Fort- und Weiterbildung legt. Neben einem überdurchschnittlichen Tarifgehalt und 30 Urlaubstagen, einer unbefristeten Festanstellung und den tariflich gesicherten sozialen Leistungen, profitieren Sie von einer Unternehmenskultur mit persönlichem Austausch mit anderen Ingenieuren bei regelmäßigen Stammtischen und spannenden Events. Haben wir Ihr Interesse geweckt- Dann freuen wir uns über Ihre Bewerbung über das Online-Bewerbungstool. Wir freuen uns darauf Sie kennenzulernen!Dafür steht BrunelArbeiten bei Brunel bedeutet: Attraktive Arbeitsaufgaben, außergewöhnliche Karriereperspektiven, die Sicherheit eines expandierenden Ingenieurdienstleisters und die ganze Vielfalt des Engineerings und der IT. Allein in der DACH-CZ Region verfügen wir über mehr als 40 Standorte und Entwicklungszentren mit akkreditiertem Prüflabor und weltweit über 120 Standorte mit mehr als 12.000 Mitarbeitern in über 40 Ländern. Mehr als 45 Jahre international erfolgreich und über 25 Jahre in Deutschland. Stillstand bedeutet Rückschritt - mit Brunel können Sie etwas bewegen!",,2025-04-29 14:53:49.911548,,,eures,,"[""https://www.brunel.net/de-de/jobs/informatiker-vbacpython-wmd-pr-251652?utm_source=arbeitsagentur&utm_campaign=stellenanzeige"", ""https://www.arbeitsagentur.de/jobsuche/jobdetail/12362-PR-251652_546571LS-S""]",,,,,"[""job""]",
39,"Softwareentwickler/in (m/w/d) C++, Python",Akkodis Germany Tech Experts GmbH,"Ulm, Donau (89081)",,Gestern,https://www.arbeitsagentur.de/jobsuche/jobdetail/12634-742475_JB4738158-S,"Softwareentwickler/in (m/w/d) C++, Python
Kopfbereich
Arbeit
Informatiker/in
Softwareentwickler/in (m/w/d) C++, Python
Akkodis Germany Tech Experts GmbH
Vollzeit
Ulm, Donau
ab 02.05.2025
Gestern
Stellenbeschreibung
Stelle im Rahmen der Arbeitnehmerüberlassung
Wir verstärken unser Software Team bei u...",1745938723,"Application Links:
Apply URL: https://www.arbeitsagentur.de/jobsuche/suche?kundennummer=Bu_ycQ1RZQUBO3dGW5xz7MwbN4QBDtz-aAyMYuDDooI=__del__Akkodis%20Germany%20Tech%20Experts%20GmbH&amp;angebotsart=1
Apply URL: https://www.arbeitsagentur.de/jobsuche/jobdetail/12634-742475_JB4738158-S",,"Softwareentwickler/in (m/w/d) C++, Python
Kopfbereich
Arbeit
Informatiker/in
Softwareentwickler/in (m/w/d) C++, Python
Akkodis Germany Tech Experts GmbH
Vollzeit
Ulm, Donau
ab 02.05.2025
Gestern
Stellenbeschreibung
Stelle im Rahmen der Arbeitnehmerüberlassung
Wir verstärken unser Software Team bei unserem Kunden in Ulm und suchen hierfür neue Kollegen (m/w/d) für die Entwicklung von Applikationen und Algorithmen.
Wir suchen eine:n
Die vorliegende Stelle ist im Rahmen der Arbeitnehmerüberlassung zu besetzen.
Softwareentwickler/in (m/w/d) C++, Python
Ihre Aufgaben:
• Konzeption, Spezifikation und Entwicklung von Applikationen und Algorithmen für Steuerungs- und Regelungssysteme
• Integration bestehender Systeme und Optimierung durch Anwendung von effizienten Algorithmen und Datenstrukturen
• Prüfung der Spezifikation auf Verständlichkeit und Vollständigkeit
• Entwicklung, Implementierung und Wartung von strukturierten/objektorientierten Softwarelösungen
• Technische Dokumentation und Durchführung umfassender Modultests, um die Qualität und Funktionalität der Software sicherzustellen
Ihre Qualifikationen:
• Abgeschlossenes Studium in Informatik, Embedded Systems o.ä.
• Erste Berufserfahrung in der Embedded-Programmierung von Vorteil
• Fundierte Kenntnisse und Erfahrung in der Programmierung mit C++ und/oder Python
• Verständnis und Anwendung von Algorithmen und Datenstrukturen
• Verhandlungssichere Deutsch- und gute Englischkenntnisse",,2025-04-29 14:58:43.663543,,,Arbeitsagentur.de (Jobsuche),,"Apply URL: https://www.arbeitsagentur.de/jobsuche/suche?kundennummer=Bu_ycQ1RZQUBO3dGW5xz7MwbN4QBDtz-aAyMYuDDooI=__del__Akkodis%20Germany%20Tech%20Experts%20GmbH&amp;angebotsart=1
Apply URL: https://www.arbeitsagentur.de/jobsuche/jobdetail/12634-742475_JB4738158-S",Gestern,,,,"[""job""]",
38,Python Softwaretester Medizintechnik (m/w/d) (IT-Tester/in),FERCHAU GmbH Niederlassung Lübeck,"Germany: Lübeck, urban district",Full-time,18/04/2025,https://europa.eu/eures/portal/jv-se/jv-details/MTIyNjUtMjM3NDAyX0pCNDczNjM4Mi1TIDE?lang=en,"Stellenangebotsbeschreibung:  Die besten Köpfe für die unterschiedlichsten Aufgaben zu finden sowie Menschen und Technologien zu verbinden, und zwar täglich aufs Neue - dafür schätzen unsere Kunden FERCHAU. Unterstütze uns: als ambitionierte:r Mitarb...",1745938713,"Amira IlleikFERCHAU GmbH, Hafenstraße 35, 23568 Lübeck, Deutschland, Schleswig-HolsteinLübeck, urban district  -GermanyTel.:+49 451 2926810Email:luebeck@ferchau.com","Gewünschte Bewerbungsarten: über www.arbeitsagentur.de, per E-Mail, schriftlich, über Internet

Internetadresse: https://www.jobexport.de/job/4736382.html?exp=60&cid=237402

Angaben zur Bewerbung: Bewerben Sie sich bitte online über den Link ""Über die Internetseite des Arbeitgebers"". Ist dies nicht möglich, nehmen Sie bitte per E-Mail Kontakt mit dem angegebenen Ansprechpartner auf.

Stellenangebot-Details in der Jobsuche der BA aufrufen:12265-237402_JB4736382-S","Die besten Köpfe für die unterschiedlichsten Aufgaben zu finden sowie Menschen und Technologien zu verbinden, und zwar täglich aufs Neue - dafür schätzen unsere Kunden FERCHAU. Unterstütze uns: als ambitionierte:r Mitarbeitende:r für einen unserer Kunden. Wir realisieren spannende Projekte für namhafte Anbieter und Entwickler von IT-Lösungen und übernehmen Verantwortung für komplexe Entwicklungsprojekte. Du möchtest dein Potenzial vollständig entfalten können? Wir bieten dir eine Umgebung mit vielfältigen Aufgaben, neuen Herausforderungen und permanenten Chancen, in der du weiter wachsen und dein Profil schärfen kannst.Python Softwaretester Medizintechnik (m/w/d)Ihre Aufgaben:Diese Herausforderungen übernimmst du- Planung, Durchführung und Implementierung von manuellen und automatisierten Software-Hardware-Integrationstests mit Python- Erstellung, Wartung und Durchführung von manuellen Softwaretests- Betreuung der Testtracks, um automatisierte Tests durchzuführen- Erstellung von Teststrategien und TestspezifikationenDeine Vorteile bei uns- Unbefristeter Arbeitsvertrag- Satte Rabatte mit Einkaufsvergünstigungen, z. B. bei Reisen, Elektronik oder Autos- Fachliche und persönliche Weiterentwicklungsmöglichkeiten- Flexibilität durch die Möglichkeit, mobil zu arbeiten (abhängig vom Kundenunternehmen)- Sonderurlaub für wichtige private Anlässe, z. B. Hochzeit, Umzug, GeburtIhre Qualifikationen:Das bringst du mit- Abgeschlossenes Studium im Bereich Informatik/Software Engineering oder vergleichbare Qualifikation- Kenntnisse im Bereich manuelles und automatisiertes Softwaretesting- Erfahrungen mit dem Python Unittest Framework und mit C++ sind wünschenswert- Sehr gute Deutsch- und gute EnglischkenntnisseUnser Team lebt von Vielfalt, von Expert:innen, die ihre unterschiedlichen Stärken für die gemeinsamen Ziele einbringen möchten. Bewirb dich jetzt als Python Softwaretester Medizintechnik (m/w/d)! Online unter der Kennziffer VA92-07930-HL bei Frau Amira Illeik. Das nächste Level wartet auf dich!",,2025-04-29 14:53:49.911548,+49 451 2926810,luebeck@ferchau.com,eures,,"[""http://www.arbeitsagentur.de"", ""https://www.jobexport.de/job/4736382.html?exp=60&cid=237402"", ""https://www.arbeitsagentur.de/jobsuche/jobdetail/12265-237402_JB4736382-S""]",,"[""luebeck@ferchau.com""]",Amira Illeik,+49 451 2926810,"[""job""]",
37,Python Developer (m/w/d),FERCHAU GmbH Niederlassung Lübeck,Lübeck (23560),,Heute,https://www.arbeitsagentur.de/jobsuche/jobdetail/12265-385945_JB4748511-S,"Python Developer (m/w/d)
Kopfbereich
Arbeit
Backend-Entwickler/in
Python Developer (m/w/d)
FERCHAU GmbH Niederlassung Lübeck
Vollzeit
Lübeck
ab 03.05.2025
Heute
Stellenbeschreibung
Stelle im Rahmen der Arbeitnehmerüberlassung
Menschen und Technologien zu verbinden, den Perfect Match für unsere Kunde...",1745938707,"Application Links:
Apply URL: https://www.arbeitsagentur.de/jobsuche/suche?kundennummer=HoYykgP727mhZZP-8CvlKGsR2Ztp60sKKFBAnN02yzQ=__del__FERCHAU%20GmbH%20Niederlassung%20L%C3%BCbeck&amp;angebotsart=1
Apply URL: https://www.arbeitsagentur.de/jobsuche/jobdetail/12265-385945_JB4748511-S",,"Python Developer (m/w/d)
Kopfbereich
Arbeit
Backend-Entwickler/in
Python Developer (m/w/d)
FERCHAU GmbH Niederlassung Lübeck
Vollzeit
Lübeck
ab 03.05.2025
Heute
Stellenbeschreibung
Stelle im Rahmen der Arbeitnehmerüberlassung
Menschen und Technologien zu verbinden, den Perfect Match für unsere Kunden zu gestalten, immer die richtigen Expert:innen für die jeweilige Herausforderung zu finden - das ist unser Anspruch bei FERCHAU und dafür suchen wir dich: als ambitionierte:r Kolleg:in, der:die wie wir Technologien auf die nächste Stufe bringen möchte. Wir realisieren spannende Projekte für namhafte Kunden in allen Technologiebereichen und für alle Branchen und stehen bei der digitalen Transformation mit umfassendem Know-how zur Seite.
Python Developer (m/w/d)
Ihre Aufgaben:
Das ist zukünftig dein Job
Effiziente Lösungen in Python entwickeln, um die Testumgebungen zu automatisieren
Eng mit dem agilen Entwicklungsteam zusammenarbeiten, um maßgeschneiderte Automatisierungslösungen zu erstellen
Bestehende Prozesse analysieren und optimieren, um die Effizienz und Qualität weiter zu steigern
Deine Vorteile bei uns
Unbefristeter Arbeitsvertrag
Satte Rabatte mit Einkaufsvergünstigungen, z. B. bei Reisen, Elektronik oder Autos
Fachliche und persönliche Weiterentwicklungsmöglichkeiten",,2025-04-29 14:58:27.035663,,,Arbeitsagentur.de (Jobsuche),,"Apply URL: https://www.arbeitsagentur.de/jobsuche/suche?kundennummer=HoYykgP727mhZZP-8CvlKGsR2Ztp60sKKFBAnN02yzQ=__del__FERCHAU%20GmbH%20Niederlassung%20L%C3%BCbeck&amp;angebotsart=1
Apply URL: https://www.arbeitsagentur.de/jobsuche/jobdetail/12265-385945_JB4748511-S",Heute,,,,"[""job""]",
36,"Softwareentwickler/in (m/w/d) C++, Python (Informatiker/in)",Akkodis Germany Tech Experts GmbH,"Germany: Ulm, urban district",Full-time,22/04/2025,https://europa.eu/eures/portal/jv-se/jv-details/MTI2MzQtNzQyNDc1X0pCNDczODE1OC1TIDE?lang=en,Stellenangebotsbeschreibung:  Wir verstärken unser Software Team bei unserem Kunden in Ulm und suchen hierfür neue Kollegen (m/w/d) für die Entwicklung von Applikationen und Algorithmen.  Wir suchen eine:n Die vorliegende Stelle ist im Rahmen der Arb...,1745938698,"GioelloAkkodis Tech Experts GmbH, Lise-Meitner-Str. 15, 89081 Ulm, Donau, Deutschland, Baden-WürttembergUlm, urban district  -GermanyTel.:+49 731 935650Email:ulm@akkodis.com","Gewünschte Bewerbungsarten: über Internet

Internetadresse: https://www.jobexport.de/job/4738158.html?exp=66&cid=742475

Angaben zur Bewerbung: Bewerben Sie sich bitte online über den Link ""Über die Internetseite des Arbeitgebers"". Ist dies nicht möglich, nehmen Sie bitte per E-Mail Kontakt mit dem angegebenen Ansprechpartner auf.

Stellenangebot-Details in der Jobsuche der BA aufrufen:12634-742475_JB4738158-S","Wir verstärken unser Software Team bei unserem Kunden in Ulm und suchen hierfür neue Kollegen (m/w/d) für die Entwicklung von Applikationen und Algorithmen.Wir suchen eine:nDie vorliegende Stelle ist im Rahmen der Arbeitnehmerüberlassung zu besetzen.Softwareentwickler/in (m/w/d) C++, PythonIhre Aufgaben:• Konzeption, Spezifikation und Entwicklung von Applikationen und Algorithmen für Steuerungs- und Regelungssysteme• Integration bestehender Systeme und Optimierung durch Anwendung von effizienten Algorithmen und Datenstrukturen• Prüfung der Spezifikation auf Verständlichkeit und Vollständigkeit• Entwicklung, Implementierung und Wartung von strukturierten/objektorientierten Softwarelösungen• Technische Dokumentation und Durchführung umfassender Modultests, um die Qualität und Funktionalität der Software sicherzustellenIhre Qualifikationen:• Abgeschlossenes Studium in Informatik, Embedded Systems o.ä.• Erste Berufserfahrung in der Embedded-Programmierung von Vorteil• Fundierte Kenntnisse und Erfahrung in der Programmierung mit C++ und/oder Python• Verständnis und Anwendung von Algorithmen und Datenstrukturen• Verhandlungssichere Deutsch- und gute EnglischkenntnisseWas Sie erwartet:• Ihnen ist Ihre Work-Life-Balance wichtig? Flexible Arbeitszeiten mit Zeiterfassung und Gleitzeitkonto sind unser Standard. Selbstverständlich unterstützen wir auch das hybride Arbeiten mit der Möglichkeit von zu Hause aus.• Ihr Start bei uns: Attraktive Einstiegsmöglichkeit mit einem unbefristeten Arbeitsvertrag. Zu Beginn werden wir Sie bei einem umfassenden Onboarding herzlich willkommen heißen und Ihnen feste Ansprechpartner (m/w/d) während der gesamten Einarbeitungszeit zur Seite stellen, um einen sicheren Start in deine Projekte zu gewährleisten.• Vielseitige Weiterentwicklung: Wir legen Wert auf die individuelle Entwicklung Ihrer fachlichen und persönlichen Stärken: Bei uns haben Sie verschiedene Entwicklungsmöglichkeiten in Ihrer beruflichen Laufbahn, die Sie mit Ihrem Ansprechpartner (m/w/d) besprechen.• Attraktives Mitarbeiterempfehlungsprogramm: Sie nutzen Ihr persönliches/berufliches Netzwerk, um neue Kollegen (m/w/d) an Board zu holen? Super! Wir belohnen das mit einer monetären Prämie.• Sie möchten Ihren eigenen Beitrag leisten? Ob künstliche Intelligenz, autonomes Fahren oder Quanten Computing – mit Akkodis Research haben Sie die Möglichkeit die Technologien von morgen zu entwickeln und unseren Kunden innovative Lösungen anzubieten.Noch mehr Benefits: Kantine & Get2gether, Team- und Sportevents sowie gratis Wasser, Kaffee/Tee und vieles mehr!*Die Benefits können je nach Position und Standort variieren. Eine Übersicht über unsere Benefits befindet sich auf unserer Webseite unterhalb Karriere und Benefits.Senden Sie uns gerne Ihre Bewerbung zu. Nach einem ersten Austausch und Kennenlernen bringen wir Sie direkt in Kontakt zu Top-Unternehmen. Für Rückfragen stehen wir Ihnen gerne zur Verfügung.Wir freuen uns über die Bewerbung von Menschen, die zur Vielfalt unseres Unternehmens beitragen.",,2025-04-29 14:53:49.911548,+49 731 935650,ulm@akkodis.com,eures,,"[""https://www.jobexport.de/job/4738158.html?exp=66&cid=742475"", ""https://www.arbeitsagentur.de/jobsuche/jobdetail/12634-742475_JB4738158-S""]",,"[""ulm@akkodis.com""]",Gioello,+49 731 935650,"[""job""]",
35,Python Developer (w/m/d),50Hertz Transmission GmbH,Berlin (10178),,vor 27 Tagen,https://www.arbeitsagentur.de/jobsuche/jobdetail/12336-a25f532j0415989-S,"Kopfbereich
Arbeit
Softwareentwickler/in
Python Developer (w/m/d)
50Hertz Transmission GmbH
Vollzeit
Berlin
ab sofort
vor 27 Tagen
Stellenbeschreibung
Vollständige Stellenbeschreibung bei unserem Kooperationspartner einsehen:
Externe Seite öffnen
Quelle: Wollmilchsau GmbH (Jobspreader)
Fußbereich
St...",1745938690,"Application Links:
Apply URL: https://jobs.jobspreader.com/viewjob-6c2yn?utm_source=jsba-premium&amp;utm_medium=n-a&amp;utm_campaign=it&amp;utm_term=python-developer-w-m-d
Apply URL: https://jobs.jobspreader.com
Apply URL: https://jobs.jobspreader.com/viewjob-6c2yn?utm_source=jsba-premium&utm_medium=n-a&utm_campaign=it&utm_term=python-developer-w-m-d",,"Kopfbereich
Arbeit
Softwareentwickler/in
Python Developer (w/m/d)
50Hertz Transmission GmbH
Vollzeit
Berlin
ab sofort
vor 27 Tagen
Stellenbeschreibung
Vollständige Stellenbeschreibung bei unserem Kooperationspartner einsehen:
Externe Seite öffnen
Quelle: Wollmilchsau GmbH (Jobspreader)
Fußbereich
Stelle betreut durch Arbeitgeber
Referenz-Nr.: 12336-a25f532j0415989-S
Zuletzt bearbeitet am: 27.04.2025
Verstoß melden",,2025-04-29 14:58:10.325782,,,Arbeitsagentur.de (Jobsuche),,"Apply URL: https://jobs.jobspreader.com/viewjob-6c2yn?utm_source=jsba-premium&amp;utm_medium=n-a&amp;utm_campaign=it&amp;utm_term=python-developer-w-m-d
Apply URL: https://jobs.jobspreader.com
Apply URL: https://jobs.jobspreader.com/viewjob-6c2yn?utm_source=jsba-premium&utm_medium=n-a&utm_campaign=it&utm_term=python-developer-w-m-d",vor 27 Tagen,,,,"[""job""]",
34,Entwickler – Python/Django  (w/m/d) (Softwareentwickler/in),Seller Math GmbH,Germany: Lindau (Lake Constance),"Part-time,",17/03/2025,https://europa.eu/eures/portal/jv-se/jv-details/MTAwMDAtMTIwMTI5MDUxMi1TIDE?lang=en,Stellenangebotsbeschreibung:  Entwickler – Python/Django (w/m/d)  Für die Weiterentwicklung unserer Software suchen wir weitere Entwickler:innen.  Die Seller Math GmbH bietet Kalkulations- und Controlling-Tools für den Onlinehandel an. Diese werden a...,1745938683,"Korbinian SigelSeller Math GmbH, Conrad-Forster-Str. 22, 88149 Nonnenhorn, Deutschland, BayernLindau (Lake Constance)  -GermanyTel.:+49 8382 3049268Email:einfacher@seller-math.com","Gewünschte Bewerbungsarten: per E-Mail, schriftlich, telefonisch

Internetadresse: https://seller-math.com/job/

Geforderte Anlagen: Lebenslauf, Zeugnisse

Stellenangebot-Details in der Jobsuche der BA aufrufen:10000-1201290512-S","Entwickler – Python/Django (w/m/d)Für die Weiterentwicklung unserer Software suchen wir weitere Entwickler:innen.Die Seller Math GmbH bietet Kalkulations- und Controlling-Tools für den Onlinehandel an. Diese werden als sogenannte SaaS Anwendungen im Abo-Modell angeboten.Für unsere Standort in Lindau suchen wir Entwickler:innen vor Ort. Nach einer Einlernphase ist es möglich auch nach Absprache im Homeoffice zu arbeiten.Wir erwarten sehr gute Kenntnisse in Python und Django Framework. Strukturiertes eigenständiges Arbeiten. Schnelle Auffassungsgabe und die Motivation sich in einen bestehenden Code einzuarbeiten.Wir arbeiten über ein Ticketsystem und per Zuruf. Und haben hier sehr flache Hierarchien.Neben Englischkenntnissen sind Deutschkenntnisse bei uns für die Kommunikation wichtig.Bewirb Dich jetzt!Schreib uns, welche Projekte durch oder mit dir in den genannten Programmiersprachen bereits realisiert wurden.Zudem möchten wir deinen Lebenslauf kennenlernen.Als Voraussetzung nehmen wir an, dass Du:- Interesse im Onlinehandel, Kalkulation und Controlling Bereich hast- an Team-Work interessiert bist, was für uns auch bedeutet Bugfixes für Kollegen schnell “ohne Theater” zu korrigieren.- Kundengespräche zu Programm-Funktionen eigenständig führen kannst- einen sicheren Umgang mit gitlab, trello, sentry hast- einen Tischkicker schon mal benutzt hast- nicht abgeneigt bist gegen ein Feierabend-GetränkUnser Büro befindet sich in Lindau/Oberreitnau. Somit verfügen wir über eine Stadtbus Anbindung und Busverbindung nach Wangen. Ausreichende Parkplätze sind ebenso vorhanden. Die Arbeitsplätze sind modern und zeitgemäß ausgestattet. Daneben bieten wir flexible Arbeitszeitmodelle, Homeoffice/mobiles Arbeiten nach Einarbeitung inbegriffen.Du arbeitest direkt der Geschäftsleitung zu. Wir sind ein kleines Team, es gibt keine großen Prozessketten und Entscheidungsfindungen. Wir setzen um und erfreuen uns am Fortschritt, statt an langen Kompetenz Meetings.Hier kommst Du direkt zu unserer Homepage und unserer Stellenanzeige:https://seller-math.com/job/Ergänzende Informationen:Anforderungen an den Bewerber:Erweiterte Kenntnisse: Content-Management-System (CMS) Django, Programmiersprache Python",,2025-04-29 14:53:49.911548,+49 8382 3049268,einfacher@seller-math.com,eures,,"[""https://seller-math.com/job/"", ""https://www.arbeitsagentur.de/jobsuche/jobdetail/10000-1201290512-S""]",,"[""einfacher@seller-math.com""]",Korbinian Sigel,+49 8382 3049268,"[""job""]",
33,Softwareentwickler  C++ / Python (m/w/d),Helmi Göttler Private Arbeitsvermittlung,"Nürnberg, Mittelfranken (90441)",,vor 30+ Tagen,https://www.arbeitsagentur.de/jobsuche/jobdetail/12291-13106692-S,"Softwareentwickler  C++ / Python (m/w/d)
Kopfbereich
Arbeit
Softwareentwickler/in
Softwareentwickler  C++ / Python (m/w/d)
Helmi Göttler Private Arbeitsvermittlung
Vollzeit
Nürnberg, Mittelfranken
ab 01.05.2025
vor 30+ Tagen
Stellenbeschreibung
Vergütung: je nach Berufserfahrung bis zu 60.000 €
St...",1745938673,Email: bewerbung@helmi-goettler.de,,"Softwareentwickler  C++ / Python (m/w/d)
Kopfbereich
Arbeit
Softwareentwickler/in
Softwareentwickler  C++ / Python (m/w/d)
Helmi Göttler Private Arbeitsvermittlung
Vollzeit
Nürnberg, Mittelfranken
ab 01.05.2025
vor 30+ Tagen
Stellenbeschreibung
Vergütung: je nach Berufserfahrung bis zu 60.000 €
Stelle im Rahmen der Personalvermittlung
Softwareentwickler – C++ / Python (m/w/d)
In Raum Nürnberg
unsere Kennziffer: 24086
Im Rahmen der DIREKTVERMITTLUNG suchen wir SIE!
Freuen Sie sich auf
Verdienstmöglichkeit: je nach Berufserfahrung bis zu 60.000 EUR Flexible Arbeitszeiten (Gleitzeit, mobiles Arbeiten) Dynamisches mittelständisches Medizintechnik-Unternehmen Internationales Umfeld Individuelle Einarbeitung und Weiterbildungsmöglichkeiten Freundliches und kollegiales Arbeitsumfeld
Ihre Aufgaben
Entwicklung von SW-Komponenten und Applikationen (u.a. x86, ARM, Mikrokontroller, pic32, STM32, NVIDIA Jetson)
Realisierung von Benutzeroberflächen mittels Qt
Erstellen von Spezifikationen und entsprechender automatisierter
Testszenarien
Durchführung von SW-Tests zum Zwecke der Optimierung und Fehleranalyse
Dokumentation des Entwicklungsprozesses (Design-/Engineering-Reviews)
Mitwirkung bei der Ausarbeitung messtechnischer Lösungen",,2025-04-29 14:57:53.740661,,bewerbung@helmi-goettler.de,Arbeitsagentur.de (Jobsuche),,"Apply URL: https://www.arbeitsagentur.de/jobsuche/suche?kundennummer=wggJNhW6eBrnSIBaducxjT17bO3yTVSxgJ_rBsCEPjg=__del__Helmi%20G%C3%B6ttler%20Private%20Arbeitsvermittlung&amp;angebotsart=1
Apply URL: https://www.arbeitsagentur.de/jobsuche/jobdetail/12291-13106692-S",vor 30+ Tagen,,,,"[""job""]",
32,Python-Entwickler (m/w/d) (Backend-Entwickler/in),automait GmbH,Germany: North Rhine-Westphalia,Full-time,19/03/2025,https://europa.eu/eures/portal/jv-se/jv-details/MTAwMDEtMTAwMTI1MzkyNS1TIDE?lang=en,Stellenangebotsbeschreibung:  Stellenbeschreibung: Python Developer (m/w/d)  Unternehmensbeschreibung: Die automait GmbH bietet ihren Kunden IT-Dienstleistungen und Beratung rund um Daten und künstliche Intelligenz. Zusammen mit einem starken Netzwer...,1745938669,"Lukas Leuschenautomait GmbH, Jagdfeld 65, 42929 Wermelskirchen, Deutschland, Nordrhein-WestfalenRheinisch-Bergischer district  -GermanyEmail:lukas.leuschen@automait.ai","Gewünschte Bewerbungsarten: per E-Mail

Internetadresse: https://automait.ai/

Geforderte Anlagen: Bewerbung gerne per Email an hallo@automait.ai

Optimalerweise ein kurzes Anschreiben, aussagekräftiger Lebenslauf, andere Verweise wie github etc. sind gerne gesehen, aber kein Muss

Stellenangebot-Details in der Jobsuche der BA aufrufen:10001-1001253925-S","Stellenbeschreibung: Python Developer (m/w/d)Unternehmensbeschreibung: Die automait GmbH bietet ihren Kunden IT-Dienstleistungen und Beratung rund um Daten und künstliche Intelligenz. Zusammen mit einem starken Netzwerk von Partnern bieten wir von der Einführung einer modernen Cloudinfrastruktur bis zu Training und Betrieb von Künstlicher Intelligenz alles an, was Unternehmen brauchen, um künstliche Intelligenz in Produktion zu bringen und dort zu halten.Wir suchen einen (Senior) Python Developer (m/w/d), der unser Team verstärkt und mit uns an spannenden Projekten arbeitet. Wir arbeiten prinzipiell anbieteragnostisch und helfen unseren Kunden dabei, die für sie passende Technologie auszuwählen, in ihre Infrastruktur einzubinden und zu betreiben.Aufgaben:- Entwicklung und Wartung von Softwareanwendungen mit Python- Mitwirkung bei der Konzeption und Umsetzung neuer Features- Fehleranalyse und -behebung in bestehenden Anwendungen- Zusammenarbeit mit anderen Entwicklern, Designern und Projektmanagern- Teilnahme an Code-Reviews und kontinuierliche Verbesserung des bestehenden Codes- Dokumentation der entwickelten SoftwarelösungenAnforderungen:- Abgeschlossenes Studium der Informatik, Software Engineering oder eine vergleichbare Qualifikation- Grundlegende Kenntnisse in Python und erste praktische Erfahrung (z.B. durch Projekte, Praktika oder eigene Initiativen)- Erfahrung mit gängigen Python-Bibliotheken und Frameworks (z.B. Django, Flask) ist von Vorteil- Verständnis von Softwareentwicklungsprozessen und -methodologien (z.B. Agile, Scrum)- Gute Problemlösungsfähigkeiten und analytisches Denken- Fähigkeit zur Zusammenarbeit im Team und gute Kommunikationsfähigkeiten,- Fließende Deutschkenntnisse in Wort und Schrift ~ C1- Motivation zur kontinuierlichen Weiterbildung und Bereitschaft, neue Technologien zu erlernenWir bieten:- Flexible Arbeitszeiten und 100% remote- Ein modernes Arbeitsumfeld mit flachen Hierarchien- Eine spannende und abwechslungsreiche Tätigkeit in einem dynamischen Team- Möglichkeiten zur beruflichen Weiterentwicklung und Schulungen- Attraktives Gehalt und zusätzliche LeistungenWenn du dich in dieser Beschreibung wiederfindest und Teil eines kreativen Teams werden möchtest, dann freuen wir uns auf deine Bewerbung! Wir suchen Kollegen (m/w/d) jedes Fähigkeitslevels.Bewerbung: Bitte sende deine vollständigen Bewerbungsunterlagen anhallo@automait.aiErgänzende Informationen:Anforderungen an den Bewerber:Zwingend erforderlich: Programmiersprache Python, Backend-Entwicklung",,2025-04-29 14:53:49.911548,,lukas.leuschen@automait.ai,eures,,"[""https://automait.ai/"", ""https://www.arbeitsagentur.de/jobsuche/jobdetail/10001-1001253925-S""]",,"[""lukas.leuschen@automait.ai""]",Lukas Leuschen,,"[""job""]",
31,Software Entwickler Python/Angular (m/w/d),FERCHAU GmbH Niederlassung Lübeck,Lübeck (23556),,vor 18 Tagen,https://www.arbeitsagentur.de/jobsuche/jobdetail/12265-243130_JB4726528-S,"Software Entwickler Python/Angular (m/w/d)
Kopfbereich
Arbeit
Softwareentwickler/in
Software Entwickler Python/Angular (m/w/d)
FERCHAU GmbH Niederlassung Lübeck
Vollzeit
Lübeck
ab sofort
vor 18 Tagen
Stellenbeschreibung
Stelle im Rahmen der Arbeitnehmerüberlassung
Technologien auf das nächste Level ...",1745938657,"Application Links:
Apply URL: https://www.arbeitsagentur.de/jobsuche/suche?kundennummer=HoYykgP727mhZZP-8CvlKGsR2Ztp60sKKFBAnN02yzQ=__del__FERCHAU%20GmbH%20Niederlassung%20L%C3%BCbeck&amp;angebotsart=1
Apply URL: https://www.arbeitsagentur.de/jobsuche/jobdetail/12265-243130_JB4726528-S",,"Software Entwickler Python/Angular (m/w/d)
Kopfbereich
Arbeit
Softwareentwickler/in
Software Entwickler Python/Angular (m/w/d)
FERCHAU GmbH Niederlassung Lübeck
Vollzeit
Lübeck
ab sofort
vor 18 Tagen
Stellenbeschreibung
Stelle im Rahmen der Arbeitnehmerüberlassung
Technologien auf das nächste Level zu heben, sich Herausforderungen zu stellen und an den Innovationen von morgen zu arbeiten - dafür benötigen wir bei FERCHAU Expert:innen wie dich: als ambitionierte:r Kolleg:in, der:die wie wir Technologien auf die nächste Stufe bringen möchte. Wir realisieren spannende Projekte für namhafte Anbieter und Entwickler von IT-Lösungen für smarte Integration von IT-Trends und etablierter Lösungen. Du weißt genau, was du technologisch auf dem Kasten haben? Du suchst einen Arbeitgeber, der das genau erkennt, der sein Engagement wertschätzt und dir regelmäßig Weiterbildungsmöglichkeiten anbietet? Dann bewirb dich bei uns!
Software Entwickler Python/Angular (m/w/d)
Ihre Aufgaben:
Diese Herausforderungen übernimmst du
Konzeption, Entwicklung und Implementierung von Software-Applikationen im agilen Umfeld
Fullstack Entwicklung im Backend mit Python und im Frontend mit Angular/TypeScript
Umsetzung von Clean-Code-Richtlinien und Pair Programming
Das sind deine Perspektiven für die Zukunft
Unbefristeter Arbeitsvertrag und 30 Tage Urlaub
Viel Flexibilität durch die Möglichkeit mobil zu Arbeiten",,2025-04-29 14:57:37.199104,,,Arbeitsagentur.de (Jobsuche),,"Apply URL: https://www.arbeitsagentur.de/jobsuche/suche?kundennummer=HoYykgP727mhZZP-8CvlKGsR2Ztp60sKKFBAnN02yzQ=__del__FERCHAU%20GmbH%20Niederlassung%20L%C3%BCbeck&amp;angebotsart=1
Apply URL: https://www.arbeitsagentur.de/jobsuche/jobdetail/12265-243130_JB4726528-S",vor 18 Tagen,,,,"[""job""]",
30,Software-Entwickler Python (m/w/d) (Softwareentwickler/in),Victoria Consulting GmbH,"Germany: Erlangen, urban district",Full-time,25/03/2025,https://europa.eu/eures/portal/jv-se/jv-details/MTI2OTctazEwOTg5LjEwNDg1LVMgMQ?lang=en,Stellenangebotsbeschreibung:  Software-Entwickler Python (m/w/d) in Erlangen  Seit 2008 sind wir die Experten in der erfolgreichen Besetzung anspruchsvoller Positionen mit den passenden Talenten. Unser familiäres Unternehmen verbindet höchste Standar...,1745938654,"Elena HerbertVictoria Consulting GmbH, Vogelstr. 22 - 24, 91301 Forchheim, Oberfranken, Deutschland, BayernForchheim  -GermanyTel.:+49 9191 3415150Email:info@victoria-consulting.de","Gewünschte Bewerbungsarten: über www.arbeitsagentur.de, per E-Mail, über Internet

Internetadresse: https://portal.victoria-consulting.de/job-software-entwickler-python-m-w-d-erlangen-10485.html

Angaben zur Bewerbung: Lebenslauf; Zeugnisse

Stellenangebot-Details in der Jobsuche der BA aufrufen:12697-k10989.10485-S","Software-Entwickler Python (m/w/d) in ErlangenSeit 2008 sind wir die Experten in der erfolgreichen Besetzung anspruchsvoller Positionen mit den passenden Talenten. Unser familiäres Unternehmen verbindet höchste Standards mit den Werten Fairness, Transparenz und Verbindlichkeit. Ihre Karriere ist unsere Verantwortung!Für unseren Kunden, einem führenden Unternehmen im Anlagenbau, suchen wir zur Unterstützung im Bereich Labor und Informations-Management-Systeme im Rahmen der Arbeitnehmerüberlassung einen Software-Entwickler (m/w/d) für folgende Aufgaben:Ihre Aufgaben:- Entwicklung einer eigenständigen Software in Python zur Auswertung und Evaluierung von diversen Laborversuchen nach Vorgaben des Laborpersonals und gültigem Regelwerk- Zusammenfassung der von dieser Software berechneten Ergebnisse in einem Versuchsbericht mittels einer internen Datenplattform.- Dokumentation der entwickelten Software sowie Koordination mit den Ingenieuren für die Validierung der Berechnungen- Vorbereitung von Schulungsmaterialen und Handbücher zur Software mit Durchführung von Schulungen für das Laborpersonal.Das bringen Sie mit:- Abgeschlossene Berufsausbildung im Bereich IT oder einer technischen Fachrichtung, z. B. mit Laborbezug/Laborerfahrung sowie Weiterbildung zum Techniker- Erfahrung in der Programmierung/Software Entwicklung- Sehr gute Kenntnisse in der Programmiersprache Python (Pandas, Numpy, GUI, matplotlib o. ä.)- Erste Erfahrungen mit PyInstaller, cx_freeze, WinPython o. ä. wünschenswert- Erfahrungen mit C/C++ und SQL von Vorteil- Eigenverantwortliches zu Arbeiten und Kreativität- Zuverlässigkeit und TeamfähigkeitWir bieten:- Vielseitige Position mit guten Perspektiven in einem internationalen Unternehmen- Flexible Arbeitszeitgestaltung innerhalb einer 35 Std.-Woche für eine gute Work-Life-Balance- Gute Verkehrsanbindung am Standort Erlangen- Gewährleistung einer optimalen Einarbeitung durch erfahrene Kollegen- Zusammenarbeit in einem sympathischen und hochmotivierten Team in einer Arbeitsatmosphäre, die von Kollegialität und Wertschätzung geprägt istBewerben Sie sich jetzt online mit einem Klick auf den Button ""Gleich online bewerben"". Wir freuen uns darauf Sie kennenzulernen und werden uns innerhalb kürzester Zeit mit Ihnen in Verbindung setzen. Bei Fragen vorab steht Ihnen Frau Elena Herbert unter 09191 341515-16 gerne zur Verfügung.Vertraulichkeit in der Behandlung Ihrer Unterlagen und Daten ist für uns selbstverständlich.",,2025-04-29 14:53:49.911548,+49 9191 3415150,info@victoria-consulting.de,eures,,"[""http://www.arbeitsagentur.de"", ""https://portal.victoria-consulting.de/job-software-entwickler-python-m-w-d-erlangen-10485.html"", ""https://www.arbeitsagentur.de/jobsuche/jobdetail/12697-k10989.10485-S""]",,"[""info@victoria-consulting.de""]",Elena Herbert,+49 9191 3415150,"[""job""]",
29,Softwareentwickler Python (m/w/d) Produktmanagement,GS-COMPANY GmbH & Co. KG,Hohen Neuendorf (16540),,vor 25 Tagen,https://www.arbeitsagentur.de/jobsuche/jobdetail/12701-1011919-S,"Softwareentwickler Python (m/w/d) Produktmanagement
Kopfbereich
Arbeit
Softwareentwickler/in
Softwareentwickler Python (m/w/d) Produktmanagement
GS-COMPANY GmbH & Co. KG
Vollzeit
Hohen Neuendorf
ab 15.05.2025
unbefristet
vor 25 Tagen
Stellenbeschreibung
Stelle im Rahmen der Personalvermittlung
Softw...",1745938640,Email: bolsewig@gs-company.de,,"Softwareentwickler Python (m/w/d) Produktmanagement
Kopfbereich
Arbeit
Softwareentwickler/in
Softwareentwickler Python (m/w/d) Produktmanagement
GS-COMPANY GmbH & Co. KG
Vollzeit
Hohen Neuendorf
ab 15.05.2025
unbefristet
vor 25 Tagen
Stellenbeschreibung
Stelle im Rahmen der Personalvermittlung
Softwareentwickler Python (m/w/d) mit Affinität zum Produktmanagement gesucht!
Für unseren Kunden aus dem Bereich der Softwarelösungen und Kommunikationstechnologie mit Sitz in der Region nord-westlich von Berlin suchen wir kollegiale Verstärkung als Softwareentwickler Python mit Affinität zum Produktmanagement (m/w/d).
Was Sie erwartet:
Flache Hierarchien mit einer offenen Feedbackkultur
Angenehme und kollegiale Teamatmosphäre
Flexible Arbeitszeitmodelle (unter Einhaltung der Hauptarbeitszeiten)
Strukturiertes und umfangreiches Onboarding
Mobiles Arbeiten möglich
Viel Raum für innovative Ideen und Gestaltungsmöglichkeiten
Individuelle Weiterbildung nach persönlichen Fähigkeiten und Kenntnissen
Kostenfreie Kaffee- und Wasser-Flatrate sowie frisches Obst
Gemeinsame Aktivitäten wie Kicker im Büro
Kostenfreie Firmenparkplätze, Dienstrad-Leasing und Vergünstigungen für das Deutschlandticket
Ihre Aufgaben:
Entwicklungsaufgaben:",,2025-04-29 14:57:20.421352,,bolsewig@gs-company.de,Arbeitsagentur.de (Jobsuche),,"Apply URL: https://www.arbeitsagentur.de/jobsuche/suche?kundennummer=dXx0EE3iFHViwL105Qerbcs3brCoMYtjBYCjOvOyOhs=__del__GS-COMPANY%20GmbH%20%26%20Co.%20KG&amp;angebotsart=1
Apply URL: https://www.arbeitsagentur.de/jobsuche/jobdetail/12701-1011919-S",vor 25 Tagen,,,,"[""job""]",
28,Softwareentwickler Python (m/w/d) Produktmanagement (Softwareentwickler/in),GS-COMPANY GmbH & Co. KG,Germany: Oberhavel,Full-time,04/04/2025,https://europa.eu/eures/portal/jv-se/jv-details/MTI3MDEtMTAxMTkxOS1TIDE?lang=en,Stellenangebotsbeschreibung:  Softwareentwickler Python (m/w/d) mit Affinität zum Produktmanagement gesucht!  Für unseren Kunden aus dem Bereich der Softwarelösungen und Kommunikationstechnologie mit Sitz in der Region nord-westlich von Berlin suchen...,1745938639,"BolsewigGS-Company GmbH & Co. KG, Mittelstraße 18, 16515 Oranienburg, Deutschland, BrandenburgOberhavel  -GermanyTel.:+49 3301 6774530Email:bolsewig@gs-company.de","Gewünschte Bewerbungsarten: per E-Mail, schriftlich, über Internet

Internetadresse: http://gs-company.de/de/jobboerse/artikel-a261953-1010355.html

Stellenangebot-Details in der Jobsuche der BA aufrufen:12701-1011919-S","Softwareentwickler Python (m/w/d) mit Affinität zum Produktmanagement gesucht!Für unseren Kunden aus dem Bereich der Softwarelösungen und Kommunikationstechnologie mit Sitz in der Region nord-westlich von Berlin suchen wir kollegiale Verstärkung als Softwareentwickler Python mit Affinität zum Produktmanagement (m/w/d).Was Sie erwartet:- Flache Hierarchien mit einer offenen Feedbackkultur- Angenehme und kollegiale Teamatmosphäre- Flexible Arbeitszeitmodelle (unter Einhaltung der Hauptarbeitszeiten)- Strukturiertes und umfangreiches Onboarding- Mobiles Arbeiten möglich- Viel Raum für innovative Ideen und Gestaltungsmöglichkeiten- Individuelle Weiterbildung nach persönlichen Fähigkeiten und Kenntnissen- Kostenfreie Kaffee- und Wasser-Flatrate sowie frisches Obst- Gemeinsame Aktivitäten wie Kicker im Büro- Kostenfreie Firmenparkplätze, Dienstrad-Leasing und Vergünstigungen für das DeutschlandticketIhre Aufgaben:Entwicklungsaufgaben:- Neu- und Weiterentwicklung von Anwendungen zur Erweiterung des Produktportfolios mit modernen Technologien- Technische Umsetzung nach agilen Softwaredesign-Prinzipien- Mitarbeit an der Weiterentwicklung der Systemarchitektur- Modellierung und Optimierung von Datenbanken (z. B. MySQL)- Entwicklung von APIs und Backend-Technologien, vorzugsweise in Python, für Linux-basierte Systeme- Durchführung von Funktions- und Integrationstests- Dokumentation der Entwicklungen und Sicherstellung von Qualität und NachvollziehbarkeitProduct Owner Aufgaben:- Konzeptionelle Weiterentwicklung bestehender Produkte in enger Zusammenarbeit mit Entwicklungs- und Testteam- Dokumentation im Ticketsystem und Wissensdatenbank- Pflege des Ticketbacklogs- Mitwirkung an Versionsplanungen- Anforderungs- und Stakeholdermanagement- Abstimmung mit externen Dienstleistern und Partnern- Dokumentation und Wissensmanagement im Ticketsystem und in der WissensdatenbankDamit überzeugen Sie:- Abgeschlossenes Hochschulstudium in Informatik, einem IT-nahen Studiengang oder vergleichbare Ausbildung- Sehr gute Kenntnisse in der objektorientierten Entwicklung mit Python- Ausgeprägtes Verständnis von Softwarearchitektur und Systemintegration- Empathie und Verbindlichkeit in der Zusammenarbeit sowie Freude an der teamübergreifenden Arbeit- Vertrautheit mit gängigen Entwicklungsumgebungen, Versionskontrollsystemen (z. B. git), Ticketsystemen und Tools wie Confluence- Begeisterung für die Entwicklung eines tiefen Produktverständnisses, um Expertenwissen zu erlangen- Kundenorientierung und zielgruppenorientierte Kommunikation- Erfahrungen mit komplexen Software-Strukturen und agilen Softwareentwicklungsprozessen von Vorteil- Sehr gute Deutschkenntnisse- Selbstständige, strukturierte und qualitätsorientierte ArbeitsweiseHaben wir Ihr Interesse geweckt? Dann freuen wir uns auf Ihre Bewerbung und darauf Sie persönlich kennenzulernen!Senden Sie uns Ihre Bewerbungsunterlagen ganz einfach per Mail bitte inkl. Ihrer Gehaltsvorstellungen an Frau Bolsewig,bolsewig@gs-company.deHinweis:Wir behandeln alle Bewerbungen selbstverständlich mit äußerster Sorgfalt und absolut vertraulich, damit Ihr Arbeitgeberwechsel diskret und unkompliziert ablaufen kann.Alle Stellenausschreibungen richten sich stets an männliche, weibliche und diverse Bewerber, unabhängig von Alter, Geschlecht, Herkunft, sexueller Orientierung, Behinderung, Religion und Weltanschauung. Die Auswahl der Bewerber erfolgt ausschließlich anhand von Qualifikationen.",,2025-04-29 14:53:49.911548,+49 3301 6774530,bolsewig@gs-company.de,eures,,"[""http://gs-company.de/de/jobboerse/artikel-a261953-1010355.html"", ""https://www.arbeitsagentur.de/jobsuche/jobdetail/12701-1011919-S""]",,"[""bolsewig@gs-company.de""]",Bolsewig,+49 3301 6774530,"[""job""]",
26,Python Developer (m/w/d) (Backend-Entwickler/in),FERCHAU GmbH Niederlassung Lübeck,"Germany: Lübeck, urban district",Full-time,04/04/2025,https://europa.eu/eures/portal/jv-se/jv-details/MTIyNjUtMzg1OTQ1X0pCNDcxNzQxOC1TIDE?lang=en,"Stellenangebotsbeschreibung:  Menschen und Technologien zu verbinden, den Perfect Match für unsere Kunden zu gestalten, immer die richtigen Expert:innen für die jeweilige Herausforderung zu finden - das ist unser Anspruch bei FERCHAU und dafür suchen...",1745938624,"Amira IlleikFERCHAU GmbH, Hafenstraße 35, 23568 Lübeck, Deutschland, Schleswig-HolsteinLübeck, urban district  -GermanyTel.:+49 451 2926810Email:luebeck@ferchau.com","Gewünschte Bewerbungsarten: über www.arbeitsagentur.de, per E-Mail, schriftlich, über Internet

Internetadresse: https://www.jobexport.de/job/4717418.html?exp=60&cid=385945

Angaben zur Bewerbung: Bewerben Sie sich bitte online über den Link ""Über die Internetseite des Arbeitgebers"". Ist dies nicht möglich, nehmen Sie bitte per E-Mail Kontakt mit dem angegebenen Ansprechpartner auf.

Stellenangebot-Details in der Jobsuche der BA aufrufen:12265-385945_JB4717418-S","Menschen und Technologien zu verbinden, den Perfect Match für unsere Kunden zu gestalten, immer die richtigen Expert:innen für die jeweilige Herausforderung zu finden - das ist unser Anspruch bei FERCHAU und dafür suchen wir dich: als ambitionierte:r Kolleg:in, der:die wie wir Technologien auf die nächste Stufe bringen möchte. Wir realisieren spannende Projekte für namhafte Kunden in allen Technologiebereichen und für alle Branchen und stehen bei der digitalen Transformation mit umfassendem Know-how zur Seite.Python Developer (m/w/d)Ihre Aufgaben:Das ist zukünftig dein Job- Effiziente Lösungen in Python entwickeln, um die Testumgebungen zu automatisieren- Eng mit dem agilen Entwicklungsteam zusammenarbeiten, um maßgeschneiderte Automatisierungslösungen zu erstellen- Bestehende Prozesse analysieren und optimieren, um die Effizienz und Qualität weiter zu steigernDeine Vorteile bei uns- Unbefristeter Arbeitsvertrag- Satte Rabatte mit Einkaufsvergünstigungen, z. B. bei Reisen, Elektronik oder Autos- Fachliche und persönliche Weiterentwicklungsmöglichkeiten- Flexibilität durch die Möglichkeit, mobil zu arbeiten (abhängig vom Kundenunternehmen)- Sonderurlaub für wichtige private Anlässe, z. B. Hochzeit, Umzug, GeburtIhre Qualifikationen:Das bringst du mit- Fundierte Erfahrung in der Softwareentwicklung mit Python und gute Kenntnisse in relevanten Frameworks- Begeisterung für Testautomatisierung und Qualitätsverbesserung von Softwareprodukten- Erfahrung in der Arbeit mit agilen Entwicklungsmethoden sind wünschenswert- Selbstständige Arbeitsweise, Problemlösungsfähigkeiten und eine hohe Lernbereitschaft- Gute Kommunikationsfähigkeiten in DeutschUnser Team lebt von Vielfalt, von Expert:innen, die ihre unterschiedlichen Stärken für die gemeinsamen Ziele einbringen möchten. Bewirb dich jetzt als Python Developer (m/w/d)! Online unter der Kennziffer VA92-75699-HL bei Frau Amira Illeik. Das nächste Level wartet auf dich!",,2025-04-29 14:53:49.911548,+49 451 2926810,luebeck@ferchau.com,eures,,"[""http://www.arbeitsagentur.de"", ""https://www.jobexport.de/job/4717418.html?exp=60&cid=385945"", ""https://www.arbeitsagentur.de/jobsuche/jobdetail/12265-385945_JB4717418-S""]",,"[""luebeck@ferchau.com""]",Amira Illeik,+49 451 2926810,"[""job""]",
27,Softwareentwickler Python (m/w/d) Flache Hierarchien,GS-COMPANY GmbH & Co. KG,Oranienburg (16515),,Gestern,https://www.arbeitsagentur.de/jobsuche/jobdetail/12701-1012620-S,"Softwareentwickler Python (m/w/d) Flache Hierarchien
Kopfbereich
Arbeit
Softwareentwickler/in
Softwareentwickler Python (m/w/d) Flache Hierarchien
GS-COMPANY GmbH & Co. KG
Vollzeit
Oranienburg
ab 01.06.2025
unbefristet
Gestern
Stellenbeschreibung
Stelle im Rahmen der Personalvermittlung
Softwareentw...",1745938623,Email: bolsewig@gs-company.de,,"Softwareentwickler Python (m/w/d) Flache Hierarchien
Kopfbereich
Arbeit
Softwareentwickler/in
Softwareentwickler Python (m/w/d) Flache Hierarchien
GS-COMPANY GmbH & Co. KG
Vollzeit
Oranienburg
ab 01.06.2025
unbefristet
Gestern
Stellenbeschreibung
Stelle im Rahmen der Personalvermittlung
Softwareentwickler Python (m/w/d) mit Affinität zum Produktmanagement gesucht!
Für unseren Kunden aus dem Bereich der Softwarelösungen und Kommunikationstechnologie mit Sitz in der Region nord-westlich von Berlin suchen wir kollegiale Verstärkung als Softwareentwickler Python mit Affinität zum Produktmanagement (m/w/d).
Was Sie erwartet:
Flache Hierarchien mit einer offenen Feedbackkultur
Angenehme und kollegiale Teamatmosphäre
Flexible Arbeitszeitmodelle (unter Einhaltung der Hauptarbeitszeiten)
Strukturiertes und umfangreiches Onboarding
Mobiles Arbeiten möglich
Viel Raum für innovative Ideen und Gestaltungsmöglichkeiten
Individuelle Weiterbildung nach persönlichen Fähigkeiten und Kenntnissen
Kostenfreie Kaffee- und Wasser-Flatrate sowie frisches Obst
Gemeinsame Aktivitäten wie Kicker im Büro
Kostenfreie Firmenparkplätze, Dienstrad-Leasing und Vergünstigungen für das Deutschlandticket
Ihr Profil:",,2025-04-29 14:57:03.544487,,bolsewig@gs-company.de,Arbeitsagentur.de (Jobsuche),,"Apply URL: https://www.arbeitsagentur.de/jobsuche/suche?kundennummer=dXx0EE3iFHViwL105Qerbcs3brCoMYtjBYCjOvOyOhs=__del__GS-COMPANY%20GmbH%20%26%20Co.%20KG&amp;angebotsart=1
Apply URL: https://www.arbeitsagentur.de/jobsuche/jobdetail/12701-1012620-S",Gestern,,,,"[""job""]",
25,Software Developer Python (m/w/d) (Softwareentwickler/in),FERCHAU GmbH Niederlassung Stuttgart Mobility,"Germany: Stuttgart, urban district",Full-time,07/04/2025,https://europa.eu/eures/portal/jv-se/jv-details/MTIyNjUtMjgxNDA5X0pCNDcxOTU4My1TIDE?lang=en,"Stellenangebotsbeschreibung:  Technologischer Fortschritt gelingt nur, wenn Visionen zur Realität werden. Dazu bringen wir bei FERCHAU als eine der führenden europäischen Plattformen für Technologie-Dienstleistungen die smartesten und innovativsten K...",1745938609,"Cangül YildirimFERCHAU GmbH, Bertha-Benz-Platz 4, 70771 Leinfelden-Echterdingen, Deutschland, Baden-WürttembergEsslingen  -GermanyTel.:+49 711 3421490Email:stuttgart-mobility@ferchau.com","Gewünschte Bewerbungsarten: über www.arbeitsagentur.de, per E-Mail, schriftlich, über Internet

Internetadresse: https://www.jobexport.de/job/4719583.html?exp=60&cid=281409

Angaben zur Bewerbung: Bewerben Sie sich bitte online über den Link ""Über die Internetseite des Arbeitgebers"". Ist dies nicht möglich, nehmen Sie bitte per E-Mail Kontakt mit dem angegebenen Ansprechpartner auf.

Stellenangebot-Details in der Jobsuche der BA aufrufen:12265-281409_JB4719583-S","Technologischer Fortschritt gelingt nur, wenn Visionen zur Realität werden. Dazu bringen wir bei FERCHAU als eine der führenden europäischen Plattformen für Technologie-Dienstleistungen die smartesten und innovativsten Köpfe mit Unternehmen verschiedenster Branchen zusammen. Wir suchen dich: als ambitionierte:r Kolleg:in, der:die wie wir Technologien auf die nächste Stufe bringen möchte. Wir realisieren spannende Projekte für namhafte Kunden in allen Technologiebereichen und für alle Branchen und entwickeln für unsere Kunden vielfältige, maßgeschneiderte Anwendungen - von Websites über Desktopsoftware bis zu nativen Apps oder Web-Apps. Du möchtest dein Potenzial vollständig entfalten können? Wir bieten dir eine Umgebung mit vielfältigen Aufgaben, neuen Herausforderungen und permanenten Chancen, in der du weiter wachsen und dein Profil schärfen kannst.Software Developer Python (m/w/d)Ihre Aufgaben:Dein Aufgabengebiet- Entwicklung von Webportalen in Python- Anpassung von Features- Design und Entwicklung von Netzwerkanwendungen unter Linux- Verbesserung von User-Interfaces- Aufsetzen und Betreiben von SQL- und NoSQL-Datenbanken, wie zum Beispiel PostgreSQL- Agile Entwicklung in Anlehnung an Scrum und KanbanDas erwartet dich bei uns- Unbefristeter Arbeitsvertrag- Satte Rabatte mit Einkaufsvergünstigen z. B. bei Reisen, Elektronik oder Autos- Mehr als der BAP, wir bieten Sonderurlaub, Kindergartenzuschuss, Jubiläumszuwendungen uvm.Ihre Qualifikationen:Unsere Erwartungen an dich- Abgeschlossenes Studium oder Ausbildung im Bereich Anwendungsentwicklung oder eine vergleichbare Qualifikation- Programmier- und Debugging-Kenntnisse in Python- Erfahrung mit Protokollen, Technologien und Datenformaten, wie z.B. HTTP, JSON, RPC- Idealweise Berufserfahrung in der Administration von Linux-Systemen- Erfahrung beim Betrieb von hochverfügbaren und hochperformanten Web-PortalenUnser Angebot ist wie gemacht für dich? Dann freuen wir uns auf deine Bewerbung - gern online unter der Kennziffer VA49-52841-S bei Frau Cangül Yildirim. Wir matchen: dein Potenzial und unsere Möglichkeiten. Challenge accepted? Starten wir gemeinsam das nächste Level und entwickeln die Zukunft!",,2025-04-29 14:53:49.911548,+49 711 3421490,stuttgart-mobility@ferchau.com,eures,,"[""http://www.arbeitsagentur.de"", ""https://www.jobexport.de/job/4719583.html?exp=60&cid=281409"", ""https://www.arbeitsagentur.de/jobsuche/jobdetail/12265-281409_JB4719583-S""]",,"[""stuttgart-mobility@ferchau.com""]",Cangül Yildirim,+49 711 3421490,"[""job""]",
24,Softwaretester (m/w/d) Python,FERCHAU GmbH Niederlassung Wiesbaden,Wiesbaden (65203),,vor 15 Tagen,https://www.arbeitsagentur.de/jobsuche/jobdetail/12265-370255_JB4729407-S,"Softwaretester (m/w/d) Python
Kopfbereich
Arbeit
IT-Tester/in
Softwaretester (m/w/d) Python
FERCHAU GmbH Niederlassung Wiesbaden
Vollzeit
Wiesbaden
ab sofort
vor 15 Tagen
Stellenbeschreibung
Stelle im Rahmen der Arbeitnehmerüberlassung
Die besten Köpfe für die unterschiedlichsten Aufgaben zu finden ...",1745938606,"Application Links:
Apply URL: https://www.arbeitsagentur.de/jobsuche/suche?kundennummer=u-BP_ixIHt_mg_CEfhSxvMGhCbFLQY0irznqa7lwcJQ=__del__FERCHAU%20GmbH%20Niederlassung%20Wiesbaden&amp;angebotsart=1
Apply URL: https://www.arbeitsagentur.de/jobsuche/jobdetail/12265-370255_JB4729407-S",,"Softwaretester (m/w/d) Python
Kopfbereich
Arbeit
IT-Tester/in
Softwaretester (m/w/d) Python
FERCHAU GmbH Niederlassung Wiesbaden
Vollzeit
Wiesbaden
ab sofort
vor 15 Tagen
Stellenbeschreibung
Stelle im Rahmen der Arbeitnehmerüberlassung
Die besten Köpfe für die unterschiedlichsten Aufgaben zu finden sowie Menschen und Technologien zu verbinden, und zwar täglich aufs Neue - dafür schätzen unsere Kunden FERCHAU. Unterstütze uns: als ambitionierte:r Kolleg:in, der:die wie wir Technologien auf die nächste Stufe bringen möchte. Wir realisieren spannende Projekte für namhafte Kunden in allen Technologiebereichen und für alle Branchen und überzeugen täglich mit fundierter Expertise und fachlichem Know-how.
Unterstütze unseren Kunden als Softwaretester (m/w/d) Python
Softwaretester (m/w/d) Python
Ihre Aufgaben:
Diese Herausforderungen übernimmst du
Durchführung und Spezifizierung von Threat MitigationTests, Penetration Tests und Vulnerability Tests
Analyse und Auswertung der durchgeführten Tests im Team
Erweiterung und Bedienung eines umfangreichen Fuzzing Testframeworks für Industriekomponenten
Spezifizierung und Definition von Testkonzepten hinsichtlich den Anforderungen der IEC 62443
Spannende Entwicklung im Bereich der Systemsecurity
Unsere Leistungen",,2025-04-29 14:56:46.558738,,,Arbeitsagentur.de (Jobsuche),,"Apply URL: https://www.arbeitsagentur.de/jobsuche/suche?kundennummer=u-BP_ixIHt_mg_CEfhSxvMGhCbFLQY0irznqa7lwcJQ=__del__FERCHAU%20GmbH%20Niederlassung%20Wiesbaden&amp;angebotsart=1
Apply URL: https://www.arbeitsagentur.de/jobsuche/jobdetail/12265-370255_JB4729407-S",vor 15 Tagen,,,,"[""job""]",
23,Junior Softwareentwickler Python (m/w/d) (Softwareentwickler/in),FERCHAU GmbH Niederlassung Kassel,"Germany: Kassel, urban district",Full-time,28/04/2025,https://europa.eu/eures/portal/jv-se/jv-details/MTIyNjUtMzgyMDg3X0pCNDc0NTUyNi1TIDE?lang=en,"Stellenangebotsbeschreibung:  Starte noch heute Deine IT- und Engineering-Karriere bei FERCHAU und entwickle die Innovationen von morgen. Wir suchen Dich: Als ambitionierten Kollege, der wie wir Technologien auf die nächste Stufe bringen möchte. Wir ...",1745938594,"Elena HayatiFERCHAU GmbH, Max-Planck-Str. 1-3, 34253 Lohfelden, Deutschland, HessenKassel, rural district  -GermanyTel.:+49 561 31027320Email:kassel@ferchau.com","Gewünschte Bewerbungsarten: über www.arbeitsagentur.de, per E-Mail, schriftlich, über Internet

Internetadresse: https://www.jobexport.de/job/4745526.html?exp=60&cid=382087

Angaben zur Bewerbung: Bewerben Sie sich bitte online über den Link ""Über die Internetseite des Arbeitgebers"". Ist dies nicht möglich, nehmen Sie bitte per E-Mail Kontakt mit dem angegebenen Ansprechpartner auf.

Stellenangebot-Details in der Jobsuche der BA aufrufen:12265-382087_JB4745526-S","Starte noch heute Deine IT- und Engineering-Karriere bei FERCHAU und entwickle die Innovationen von morgen. Wir suchen Dich: Als ambitionierten Kollege, der wie wir Technologien auf die nächste Stufe bringen möchte. Wir realisieren spannende Projekte für namhafte Anbieter und Entwickler von IT-Lösungen für smarte Integration von IT-Trends und etablierten Lösungen. Als Berufseinsteiger unterstützt Du Deine Kollegen mit neuen Ideen und festigst Dein Wissen durch praktische Erfahrungen.Junior Softwareentwickler Python (m/w/d)Ihre Aufgaben:Das sind Deine Aufgaben in unserem Team- Mitarbeit an der Entwicklung und Implementierung von Softwarelösungen unter Verwendung von Python- Unterstützung bei der Analyse von Anforderungen und der Erstellung technischer Spezifikationen- Programmierung, Testen und Debuggen von Code- Beteiligung an der Optimierung bestehender Softwareanwendungen- Aktive Teilnahme an Teammeetings und interdisziplinärer ZusammenarbeitDas erwartet Dich bei uns- Flexible Arbeitszeitgestaltung durch Gleitzeitregelungen, Teilzeitmöglichkeiten und z. T. Vertrauensarbeitszeit- Unbefristeter Arbeitsvertrag- Networking und einfach Spaß haben bei Teamevents, Weihnachtsfeiern oder Sommerfesten- Satte Rabatte mit Einkaufsvergünstigungen z. B. bei Reisen, Elektronik oder Autos- Fachliche und persönliche WeiterentwicklungsmöglichkeitenIhre Qualifikationen:Das bringst Du mit- Abgeschlossenes Studium der Fachrichtung Informatik, Wirtschaftsinformatik, Medieninformatik oder eine vergleichbare Qualifikation- Erste Erfahrung in der objektorientierten Softwareentwicklung mit Python durch Praktika, Werkstudententätigkeiten oder eigene Projekten wünschenswert- Grundlegende Kenntnisse in den Bereichen Algorithmen, Datenstrukturen und objektorientierter Programmierung vorteilhaft- Gute Deutsch- und Englischkenntnisse (Mind. Niveau B2)Unser Angebot ist wie gemacht für Dich? Dann freuen wir uns auf Deine Bewerbung - gerne online oder per E-Mail unter der Kennziffer VA85-68441-KS bei Frau Elena Hayati. Wir matchen: Dein Potenzial und unsere Möglichkeiten. Challenge accepted? Starten wir gemeinsam das nächste Level und entwickeln die Zukunft!",,2025-04-29 14:53:49.911548,+49 561 31027320,kassel@ferchau.com,eures,,"[""http://www.arbeitsagentur.de"", ""https://www.jobexport.de/job/4745526.html?exp=60&cid=382087"", ""https://www.arbeitsagentur.de/jobsuche/jobdetail/12265-382087_JB4745526-S""]",,"[""kassel@ferchau.com""]",Elena Hayati,+49 561 31027320,"[""job""]",
22,Anwendungsentwicklerin / Anwendungsentwickler (Python) (m/w/d) -...,Berufsgenossenschaft für Handel und Warenlogistik,Bonn (53129),,vor 15 Tagen,https://www.arbeitsagentur.de/jobsuche/jobdetail/19028-97hd0oalm7-S,"Anwendungsentwicklerin / Anwendungsentwickler (Python) (m/w/d) -...
Kopfbereich
Arbeit
ERP-Anwendungsentwickler/in
Anwendungsentwicklerin / Anwendungsentwickler (Python) (m/w/d) -...
Berufsgenossenschaft für Handel und Warenlogistik
Vollzeit
Bonn
ab sofort
unbefristet
vor 15 Tagen
Stellenbeschreibun...",1745938589,"Application Links:
Apply URL: https://www.bghw.de/karriere/benefits/bezahlung
Apply URL: https://www.bghw.de/karriere/direktion-bonn
Apply URL: https://www.arbeitsagentur.de/jobsuche/suche?kundennummer=fCNYCqSg1JHj1PWl0YtiY3Z20U_SV9qFJqPFU-ZMuJ4=__del__Berufsgenossenschaft%20f%C3%BCr%20Handel%20und%20Warenlogistik&amp;angebotsart=1
Apply URL: https://www.arbeitsagentur.de/jobsuche/jobdetail/19028-97hd0oalm7-S
Apply URL: https://www.bghw.de/karriere/benefits/bezahlung)\n\n##
Apply URL: https://www.bghw.de/karriere/direktion-bonn",,"Anwendungsentwicklerin / Anwendungsentwickler (Python) (m/w/d) -...
Kopfbereich
Arbeit
ERP-Anwendungsentwickler/in
Anwendungsentwicklerin / Anwendungsentwickler (Python) (m/w/d) -...
Berufsgenossenschaft für Handel und Warenlogistik
Vollzeit
Bonn
ab sofort
unbefristet
vor 15 Tagen
Stellenbeschreibung
Die Direktion sucht für die Hauptabteilung IT am Standort Bonn zum nächstmöglichen Zeitpunkt eine / einen
Anwendungsentwicklerin / Anwendungsentwickler
(Python) (m/w/d)
Ihre Aufgaben
Entwicklung und Betrieb von Webanwendungen für unser Intra- und Extranet
Mitarbeit in der Web-Community der gesetzlichen Unfallversicherung (SIGUV, https://www.siguv.de/)
Mitwirkung bei internen und externen IT-Projekten
Kommunikation und Abstimmung mit beteiligten Stakeholdern
Erstellung von Anforderungsanalysen, sowie Konzeption und Durchführung von Aufwandabschätzungen und deren Umsetzung
Design und Implementierung von APIs (REST und SOAP)
Qualitätssicherung der entwickelten Produkte (z.B. Implementierung automatisierter Tests)
Wir bieten
Eine sinnstiftende und anspruchsvolle Tätigkeit in einem dynamischen Arbeitsumfeld
Wir fördern die Vereinbarkeit von Beruf und Familie sowie Inklusion mit vielfältigen Gestaltungsmöglichkeiten und legen Wert auf eine gesunde Work-Life-Balance (flexible Arbeitszeiten - großzügiger Gleitzeitrahmen -, individuelle Arbeits- und Teilzeitmodelle, mobiles Arbeiten, Beratung in allen Bereichen der Kinderbetreuung und Pflegebedürftigkeit)",,2025-04-29 14:56:29.504371,,,Arbeitsagentur.de (Jobsuche),,"Apply URL: https://www.bghw.de/karriere/benefits/bezahlung
Apply URL: https://www.bghw.de/karriere/direktion-bonn
Apply URL: https://www.arbeitsagentur.de/jobsuche/suche?kundennummer=fCNYCqSg1JHj1PWl0YtiY3Z20U_SV9qFJqPFU-ZMuJ4=__del__Berufsgenossenschaft%20f%C3%BCr%20Handel%20und%20Warenlogistik&amp;angebotsart=1
Apply URL: https://www.arbeitsagentur.de/jobsuche/jobdetail/19028-97hd0oalm7-S
Apply URL: https://www.bghw.de/karriere/benefits/bezahlung)\n\n##
Apply URL: https://www.bghw.de/karriere/direktion-bonn",vor 15 Tagen,,,,"[""job""]",
21,Softwareentwickler Python (m/w/d) Produktmanagement (Softwareentwickler/in),GS-COMPANY GmbH & Co. KG,Germany: Berlin,Full-time,28/04/2025,https://europa.eu/eures/portal/jv-se/jv-details/MTI3MDEtMTAxMjYyMS1TIDE?lang=en,Stellenangebotsbeschreibung:  Softwareentwickler Python (m/w/d) mit Affinität zum Produktmanagement gesucht!  Für unseren Kunden aus dem Bereich der Softwarelösungen und Kommunikationstechnologie mit Sitz in der Region nord-westlich von Berlin suchen...,1745938579,"BolsewigGS-Company GmbH & Co. KG, Mittelstraße 18, 16515 Oranienburg, Deutschland, BrandenburgOberhavel  -GermanyTel.:+49 3301 6774530Email:bolsewig@gs-company.de","Gewünschte Bewerbungsarten: per E-Mail, schriftlich, über Internet

Internetadresse: http://gs-company.de/de/jobboerse/artikel-a262170-1012180.html

Stellenangebot-Details in der Jobsuche der BA aufrufen:12701-1012621-S","Softwareentwickler Python (m/w/d) mit Affinität zum Produktmanagement gesucht!Für unseren Kunden aus dem Bereich der Softwarelösungen und Kommunikationstechnologie mit Sitz in der Region nord-westlich von Berlin suchen wir kollegiale Verstärkung als Softwareentwickler Python mit Affinität zum Produktmanagement (m/w/d).Was Sie erwartet:- Flache Hierarchien mit einer offenen Feedbackkultur- Angenehme und kollegiale Teamatmosphäre- Flexible Arbeitszeitmodelle (unter Einhaltung der Hauptarbeitszeiten)- Strukturiertes und umfangreiches Onboarding- Mobiles Arbeiten möglich- Viel Raum für innovative Ideen und Gestaltungsmöglichkeiten- Individuelle Weiterbildung nach persönlichen Fähigkeiten und Kenntnissen- Kostenfreie Kaffee- und Wasser-Flatrate sowie frisches Obst- Gemeinsame Aktivitäten wie Kicker im Büro- Kostenfreie Firmenparkplätze, Dienstrad-Leasing und Vergünstigungen für das DeutschlandticketDas bringen Sie mit:- Abgeschlossenes Hochschulstudium in Informatik, einem IT-nahen Studiengang oder vergleichbare Ausbildung- Sehr gute Kenntnisse in der objektorientierten Entwicklung mit Python- Ausgeprägtes Verständnis von Softwarearchitektur und Systemintegration- Empathie und Verbindlichkeit in der Zusammenarbeit sowie Freude an der teamübergreifenden Arbeit- Vertrautheit mit gängigen Entwicklungsumgebungen, Versionskontrollsystemen (z. B. git), Ticketsystemen und Tools wie Confluence- Begeisterung für die Entwicklung eines tiefen Produktverständnisses, um Expertenwissen zu erlangen- Kundenorientierung und zielgruppenorientierte Kommunikation- Erfahrungen mit komplexen Software-Strukturen und agilen Softwareentwicklungsprozessen von Vorteil- Sehr gute Deutschkenntnisse- Selbstständige, strukturierte und qualitätsorientierte ArbeitsweiseIhre Aufgaben:Entwicklungsaufgaben:- Neu- und Weiterentwicklung von Anwendungen zur Erweiterung des Produktportfolios mit modernen Technologien- Technische Umsetzung nach agilen Softwaredesign-Prinzipien- Mitarbeit an der Weiterentwicklung der Systemarchitektur- Modellierung und Optimierung von Datenbanken (z. B. MySQL)- Entwicklung von APIs und Backend-Technologien, vorzugsweise in Python, für Linux-basierte Systeme- Durchführung von Funktions- und Integrationstests- Dokumentation der Entwicklungen und Sicherstellung von Qualität und NachvollziehbarkeitProduct Owner Aufgaben:- Konzeptionelle Weiterentwicklung bestehender Produkte in enger Zusammenarbeit mit Entwicklungs- und Testteam- Dokumentation im Ticketsystem und Wissensdatenbank- Pflege des Ticketbacklogs- Mitwirkung an Versionsplanungen- Anforderungs- und Stakeholdermanagement- Abstimmung mit externen Dienstleistern und Partnern- Dokumentation und Wissensmanagement im Ticketsystem und in der WissensdatenbankHaben wir Ihr Interesse geweckt? Dann freuen wir uns auf Ihre Bewerbung und darauf Sie persönlich kennenzulernen!Senden Sie uns Ihre Bewerbungsunterlagen ganz einfach per Mail bitte inkl. Ihrer Gehaltsvorstellungen an Frau Bolsewig,bolsewig@gs-company.deHinweis:Wir behandeln alle Bewerbungen selbstverständlich mit äußerster Sorgfalt und absolut vertraulich, damit Ihr Arbeitgeberwechsel diskret und unkompliziert ablaufen kannAlle Stellenausschreibungen richten sich stets an männliche, weibliche und diverse Bewerber, unabhängig von Alter, Geschlecht, Herkunft, sexueller Orientierung, Behinderung, Religion und Weltanschauung. Die Auswahl der Bewerber erfolgt ausschließlich anhand von Qualifikationen.",,2025-04-29 14:53:49.911548,+49 3301 6774530,bolsewig@gs-company.de,eures,,"[""http://gs-company.de/de/jobboerse/artikel-a262170-1012180.html"", ""https://www.arbeitsagentur.de/jobsuche/jobdetail/12701-1012621-S""]",,"[""bolsewig@gs-company.de""]",Bolsewig,+49 3301 6774530,"[""job""]",
20,Senior Python Entwickler (w/m/d),BCM Solutions GmbH,Stuttgart (70178),,Gestern,https://www.arbeitsagentur.de/jobsuche/jobdetail/10000-1187221290-S,"Senior Python Entwickler (w/m/d)
Kopfbereich
Arbeit
Softwareentwickler/in
Senior Python Entwickler (w/m/d)
BCM Solutions GmbH
Vollzeit
Stuttgart
ab sofort
unbefristet
Gestern
Stellenbeschreibung
Was dich erwartet:
Deinen Tech-Stack erweiterst Du durch die
Entwicklung ansprechender und individueller
...",1745938573,"Application Links:
Apply URL: https://www.arbeitsagentur.de/jobsuche/suche?kundennummer=FpNFGl1uS74N8WclbpozcW-0dDpPaakUKOla5-N1U3o=__del__BCM%20Solutions%20GmbH&amp;angebotsart=1
Apply URL: https://www.arbeitsagentur.de/jobsuche/jobdetail/10000-1187221290-S",,"Senior Python Entwickler (w/m/d)
Kopfbereich
Arbeit
Softwareentwickler/in
Senior Python Entwickler (w/m/d)
BCM Solutions GmbH
Vollzeit
Stuttgart
ab sofort
unbefristet
Gestern
Stellenbeschreibung
Was dich erwartet:
Deinen Tech-Stack erweiterst Du durch die
Entwicklung ansprechender und individueller
Backend- Systeme und Anwendungen für unsere
Kunden
Bei der Umsetzung der Kundenprojekte sind Dein
Know-How und Dein Ideenreichtum gefragt
Als erfahrener Entwickler trägst du die Verantwortung
für das gesamte Softwaresystem
Eine agile und qualitätsbewusste Arbeitsweise runden
Deinen Softwarealltag ab
Du triffst fundierte Design- und
Architekturentscheidungen
Du leitest eigenständig Entwicklungsteams und bist
zudem auch Ansprechpartner für technische
Probleme
Eckdaten:",,2025-04-29 14:56:13.020502,,,Arbeitsagentur.de (Jobsuche),,"Apply URL: https://www.arbeitsagentur.de/jobsuche/suche?kundennummer=FpNFGl1uS74N8WclbpozcW-0dDpPaakUKOla5-N1U3o=__del__BCM%20Solutions%20GmbH&amp;angebotsart=1
Apply URL: https://www.arbeitsagentur.de/jobsuche/jobdetail/10000-1187221290-S",Gestern,,,,"[""job""]",
19,Softwareentwickler  C++ / Python (m/w/d) (Softwareentwickler/in),Helmi Göttler Private Arbeitsvermittlung,"Germany: Nuremberg, urban district",Full-time,17/03/2025,https://europa.eu/eures/portal/jv-se/jv-details/MTIyOTEtMTMxMDY2OTItUyAx?lang=en,Stellenangebotsbeschreibung:  Softwareentwickler – C++ / Python (m/w/d) In Raum Nürnberg unsere Kennziffer: 24086  Im Rahmen der DIREKTVERMITTLUNG suchen wir SIE!  Freuen Sie sich auf Verdienstmöglichkeit: je nach Berufserfahrung bis zu 60.000 EUR Fl...,1745938564,"Günter DietelHelmi Göttler Personal Projekte, Erlenstraße 36, 90441 Nürnberg, Mittelfranken, Deutschland, BayernNuremberg, urban district  -GermanyTel.:+49 911 52099250Email:bewerbung@helmi-goettler.de","Gewünschte Bewerbungsarten: per E-Mail, persönlich, schriftlich, telefonisch, über Internet

Internetadresse: https://helmi-goettler.de/stellenangebot/external/Z9eY02NVuoG%40BWOqe5CEdwAAAEE?jobreference=pfs_AVkVIu7KN51P73DhCJj9PsfD_Z9eY02NVuoG%40BWOqe5CEdwAAAEE

Stellenangebot-Details in der Jobsuche der BA aufrufen:12291-13106692-S","Softwareentwickler – C++ / Python (m/w/d)In Raum Nürnbergunsere Kennziffer: 24086Im Rahmen der DIREKTVERMITTLUNG suchen wir SIE!Freuen Sie sich aufVerdienstmöglichkeit: je nach Berufserfahrung bis zu 60.000 EUR Flexible Arbeitszeiten (Gleitzeit, mobiles Arbeiten) Dynamisches mittelständisches Medizintechnik-Unternehmen Internationales Umfeld Individuelle Einarbeitung und Weiterbildungsmöglichkeiten Freundliches und kollegiales ArbeitsumfeldIhre Aufgaben- Entwicklung von SW-Komponenten und Applikationen (u.a. x86, ARM, Mikrokontroller, pic32, STM32, NVIDIA Jetson)- Realisierung von Benutzeroberflächen mittels Qt- Erstellen von Spezifikationen und entsprechender automatisierter- Testszenarien- Durchführung von SW-Tests zum Zwecke der Optimierung und Fehleranalyse- Dokumentation des Entwicklungsprozesses (Design-/Engineering-Reviews)- Mitwirkung bei der Ausarbeitung messtechnischer Lösungen- Unterstützung bei internen und kundenspezifischen Projekten (Design, Spezifikationen)- Implementierung, Integration und Verifizierung der SW bis zur Serie- Präsentation der Entwicklungsergebnisse intern und extern beim Kunden- Abteilungsübergreifender Austausch bzgl. EntwicklungsprojektenIhr Profil- Technisches Studium (Dipl./MA/BA), idealerweise im Bereich Informatik, Medizintechnik, Elektrotechnik oder vergleichbar- Mehrjährige Berufserfahrung als Software-Entwickler im Bereich C/C++, Python und Bash- Basiswissen Qt, ACE, Eclipse, Jenkins, Git, XML/JSON, OpenCV, UML und Linux wünschenswert- Fundiertes Wissen mit Compilern, Buildsystemen und Netzwerken erforderlich- Erfahrung mit SCRUM und agile Methoden- Idealerweise Normenkenntnisse IEC61058/62304 (SW Medizintechnik)- Basiswissen im Bereich Bildverarbeitung und Elektronik (Schaltpläne, Lötkenntnisse, Messmittel, etc.) von Vorteil- Offenheit für praktischen Tätigkeiten am Gerät oder am Laboraufbau- Sehr gute Kommunikations-/Teamfähigkeit- Selbstständige und verantwortungsbewusste Arbeitsweise- Gute EnglischkenntnisseKlingt gut für Sie?Dann freuen wir uns auf Ihre aussagekräftige Bewerbung mit- Angabe unserer Kennziffer- Lebenslauf- Allen Arbeitszeugnissen sowie Qualifikationsnachweisen- Information über aktuelle Vorlaufzeit / möglichen Eintritt- Ihren Wunschverdienst im Jahrvorzugsweise per E-Mail anbewerbung@helmi-goettler.de",,2025-04-29 14:53:49.911548,+49 911 52099250,bewerbung@helmi-goettler.de,eures,,"[""https://helmi-goettler.de/stellenangebot/external/Z9eY02NVuoG%40BWOqe5CEdwAAAEE?jobreference=pfs_AVkVIu7KN51P73DhCJj9PsfD_Z9eY02NVuoG%40BWOqe5CEdwAAAEE"", ""https://www.arbeitsagentur.de/jobsuche/jobdetail/12291-13106692-S""]",,"[""bewerbung@helmi-goettler.de""]",Günter Dietel,+49 911 52099250,"[""job""]",
18,Python Developer,Join Solutions GmbH,Berlin (10249),,Heute,https://www.arbeitsagentur.de/jobsuche/jobdetail/19069-300757-S,"Python Developer
Kopfbereich
Arbeit
Web Developer
Python Developer
Join Solutions GmbH
Berlin
ab sofort
Heute
Stellenbeschreibung
Join Cinema Company!, a dynamic and innovative team based in Germany, as a Python Developer. As part of our small but mighty team of 1-10 employees, you will have the opp...",1745938556,"Application Links:
Apply URL: https://www.arbeitsagentur.de/jobsuche/suche?kundennummer=4aX0fmGI0rN3p7jiy-kWyiLwlUmrQDwYClwaZvLmEU0=__del__Join%20Solutions%20GmbH&amp;angebotsart=1
Apply URL: https://www.arbeitsagentur.de/jobsuche/jobdetail/19069-300757-S",,"Python Developer
Kopfbereich
Arbeit
Web Developer
Python Developer
Join Solutions GmbH
Berlin
ab sofort
Heute
Stellenbeschreibung
Join Cinema Company!, a dynamic and innovative team based in Germany, as a Python Developer. As part of our small but mighty team of 1-10 employees, you will have the opportunity to make a significant impact in the Blogs industry. We pride ourselves on being a very solid team and are looking for someone who shares our passion for cinema and technology. In this role, you will work closely with our talented professionals to develop cutting-edge solutions and enhance our platform. Your expertise in Python will be crucial in driving the success of our projects and contributing to our mission of delivering exceptional content and experiences. If you are a creative problem solver with a strong technical background, we invite you to apply and become a valued member of our team at Cinema Company! where innovation and collaboration are at the core of everything we do.
Tasks
Develop and maintain scalable Python applications to support the company's blogging platform.
Collaborate with cross-functional teams to define, design, and ship new features.
Write clean, maintainable, and efficient code following best practices in software development.
Identify bottlenecks and bugs, and devise solutions to address and mitigate these issues.
Participate in code reviews to ensure high quality and consistent performance of the codebase.
Requirements
Proven experience as a Python Developer with a strong portfolio of completed projects.
Solid understanding of web frameworks, particularly Django or Flask.
Familiarity with front-end technologies such as HTML, CSS, and JavaScript.
Ability to work collaboratively in a small team environment and communicate effectively.",,2025-04-29 14:55:56.497084,,,Arbeitsagentur.de (Jobsuche),,"Apply URL: https://www.arbeitsagentur.de/jobsuche/suche?kundennummer=4aX0fmGI0rN3p7jiy-kWyiLwlUmrQDwYClwaZvLmEU0=__del__Join%20Solutions%20GmbH&amp;angebotsart=1
Apply URL: https://www.arbeitsagentur.de/jobsuche/jobdetail/19069-300757-S",Heute,,,,"[""job""]",
17,Softwaretester (m/w/d) Python (IT-Tester/in),FERCHAU GmbH Niederlassung Wiesbaden,"Germany: Wiesbaden, urban district",Full-time,14/04/2025,https://europa.eu/eures/portal/jv-se/jv-details/MTIyNjUtMzcwMjU1X0pCNDcyOTQwNy1TIDE?lang=en,"Stellenangebotsbeschreibung:  Die besten Köpfe für die unterschiedlichsten Aufgaben zu finden sowie Menschen und Technologien zu verbinden, und zwar täglich aufs Neue - dafür schätzen unsere Kunden FERCHAU. Unterstütze uns: als ambitionierte:r Kolleg...",1745938550,"Ronja KrollmannFERCHAU GmbH, Alte Schmelze 18-20, 65201 Wiesbaden, Deutschland, HessenWiesbaden, urban district  -GermanyTel.:+49 611 2387750Email:wiesbaden@ferchau.com","Gewünschte Bewerbungsarten: über www.arbeitsagentur.de, per E-Mail, schriftlich, über Internet

Internetadresse: https://www.jobexport.de/job/4729407.html?exp=60&cid=370255

Angaben zur Bewerbung: Bewerben Sie sich bitte online über den Link ""Über die Internetseite des Arbeitgebers"". Ist dies nicht möglich, nehmen Sie bitte per E-Mail Kontakt mit dem angegebenen Ansprechpartner auf.

Stellenangebot-Details in der Jobsuche der BA aufrufen:12265-370255_JB4729407-S","Die besten Köpfe für die unterschiedlichsten Aufgaben zu finden sowie Menschen und Technologien zu verbinden, und zwar täglich aufs Neue - dafür schätzen unsere Kunden FERCHAU. Unterstütze uns: als ambitionierte:r Kolleg:in, der:die wie wir Technologien auf die nächste Stufe bringen möchte. Wir realisieren spannende Projekte für namhafte Kunden in allen Technologiebereichen und für alle Branchen und überzeugen täglich mit fundierter Expertise und fachlichem Know-how.Unterstütze unseren Kunden als Softwaretester (m/w/d) PythonSoftwaretester (m/w/d) PythonIhre Aufgaben:Diese Herausforderungen übernimmst du- Durchführung und Spezifizierung von Threat MitigationTests, Penetration Tests und Vulnerability Tests- Analyse und Auswertung der durchgeführten Tests im Team- Erweiterung und Bedienung eines umfangreichen Fuzzing Testframeworks für Industriekomponenten- Spezifizierung und Definition von Testkonzepten hinsichtlich den Anforderungen der IEC 62443- Spannende Entwicklung im Bereich der SystemsecurityUnsere Leistungen- Wir unterstützen dich im gesamten Bewerbungsprozess- Wir prüfen weitere Stellen bei anderen namhaften Kunden- Wir coachen dich vor dem Vorstellungsgespräch mit dem Kunden- Wir setzen uns für dich ein- Wir stellen dich unbefristet anIhre Qualifikationen:Überzeuge uns mit deinen Qualifikationen- Abgeschlossenes Studium im Bereich Informatik oder eine vergleichbare Ausbildung- Du verfügst über Kenntnisse im Bereich des Softwaretestings- Du hast Interesse an spannenden Entwicklungen im Bereich Security- Du konntest bereits Erfahrungen mit Python sammeln- Kenntnisse mit Systemen wie Linux/Kali Linux oder Programmen wie Wireshark sind wünschenswert- Du verfügst über gute DeutschkenntnisseUnser Angebot ist wie gemacht für dich? Dann freuen wir uns auf deine Bewerbung - gerne online unter der Kennziffer VA84-97762-WI bei Frau Ronja Krollmann. Wir matchen: Dein Potenzial und unsere Möglichkeiten. Challenge accepted? Starten wir gemeinsam das nächste Level und entwickeln die Zukunft!",,2025-04-29 14:53:49.911548,+49 611 2387750,wiesbaden@ferchau.com,eures,,"[""http://www.arbeitsagentur.de"", ""https://www.jobexport.de/job/4729407.html?exp=60&cid=370255"", ""https://www.arbeitsagentur.de/jobsuche/jobdetail/12265-370255_JB4729407-S""]",,"[""wiesbaden@ferchau.com""]",Ronja Krollmann,+49 611 2387750,"[""job""]",
16,Softwareentwickler Python (w/m/d),PLUS4DATA GmbH GmbH & Co. KG,Rülzheim (76761),,Heute,https://www.arbeitsagentur.de/jobsuche/jobdetail/10001-1001386234-S,"Softwareentwickler Python (w/m/d)
Kopfbereich
Arbeit
Fachinformatiker/in - Anwendungsentwicklung
Softwareentwickler Python (w/m/d)
PLUS4DATA GmbH GmbH & Co. KG
Vollzeit
Rülzheim
ab 01.06.2025
unbefristet
Heute
Stellenbeschreibung
Vergütung: je nach Qualifikation zwischen 35.000 und
Wir suchen ab sof...",1745938539,"Application Links:
Apply URL: https://www.arbeitsagentur.de/jobsuche/suche?kundennummer=DhCTFRdvlCL1CDIjyu40O1F7iDMRWJi8HoJGq8XIJ74=__del__PLUS4DATA%20GmbH%20GmbH%20%26%20Co.%20KG&amp;angebotsart=1
Apply URL: https://www.arbeitsagentur.de/jobsuche/jobdetail/10001-1001386234-S",,"Softwareentwickler Python (w/m/d)
Kopfbereich
Arbeit
Fachinformatiker/in - Anwendungsentwicklung
Softwareentwickler Python (w/m/d)
PLUS4DATA GmbH GmbH & Co. KG
Vollzeit
Rülzheim
ab 01.06.2025
unbefristet
Heute
Stellenbeschreibung
Vergütung: je nach Qualifikation zwischen 35.000 und
Wir suchen ab sofort eine(n) Softwareentwickler Python für OT-Anwendungen (m/w/d) für die Entwicklung unserer Geräteanbindungen.
Über uns: Die PLUS4DATA GmbH ist ein junges Unternehmen mit umfassendem Know-how im Bereich des industriellen Datenmanagements von Automatisierungsgeräten. Unser Produkt eguide4DATA basiert auf zukunftsweisender Technologie und erfüllt die Anforderungen eines wachsenden Marktes. Mit eguide4DATA bieten wir unseren Kunden eine innovative, web-basierte, zuverlässige und flexible Lösung für das Datenmanagement, die es ihnen ermöglicht, ihre Smart Factory effizient zu verwalten. eguide4DATA ist unsere Antwort auf den kontinuierlichen Wandel in der Automatisierungstechnik.
 Wenn du dich für Python, GitLab, Commits und Dokumentationen begeistern kannst und Lust hast, in einem zukunftsorientierten Unternehmen mit einem engagierten Team zu arbeiten, dann melde dich bei uns! Wir freuen uns auf dich!
 Was wir bieten: 
Ein sicherer Arbeitsplatz in einem wachsenden Unternehmen
Vielfältige, abwechslungsreiche Aufgaben mit hoher Eigenverantwortung
Flexible Arbeitszeiten, teilweise im Home-Office
Ein kollegiales Umfeld mit flachen Hierarchien
Attraktive Vergütung und zusätzliche Sozialleistungen
Eine freundliche Arbeitsatmosphäre
****",,2025-04-29 14:55:39.743489,,,Arbeitsagentur.de (Jobsuche),,"Apply URL: https://www.arbeitsagentur.de/jobsuche/suche?kundennummer=DhCTFRdvlCL1CDIjyu40O1F7iDMRWJi8HoJGq8XIJ74=__del__PLUS4DATA%20GmbH%20GmbH%20%26%20Co.%20KG&amp;angebotsart=1
Apply URL: https://www.arbeitsagentur.de/jobsuche/jobdetail/10001-1001386234-S",Heute,,,,"[""job""]",
15,Python-Entwickler Halbleiterindustrie (all gender) (Softwareentwickler/in),ALTEN GmbH Coburg,Germany: Baden-Württemberg,Full-time,07/04/2025,https://europa.eu/eures/portal/jv-se/jv-details/MTAwMDEtMTAwMTA3MDU2OS1TIDE?lang=en,"Stellenangebotsbeschreibung:  #weareALTEN – the home of forward thinkers  Wir sind die Gestalter von heute für die Welt von morgen.  Als einer der weltweit führenden Entwicklungsdienstleister setzen wir uns bei ALTEN dafür ein, die Zukunft unserer Pa...",1745938535,"Nicht eingegebenALTEN GmbH Coburg, Rosenauer Str. 27, 96450 Coburg, Deutschland, BayernCoburg, urban district  -Germany","Gewünschte Bewerbungsarten: über Internet

Internetadresse: https://jobs.smartrecruiters.com/oneclick-ui/company/ALTEN/publication/674bc4c1-8098-48fd-8e00-49fe2e988263?dcr_ci=ALTEN

Geforderte Anlagen: Lebenslauf, Zeugnisse

Stellenangebot-Details in der Jobsuche der BA aufrufen:10001-1001070569-S","#weareALTEN – the home of forward thinkersWir sind die Gestalter von heute für die Welt von morgen.Als einer der weltweit führenden Entwicklungsdienstleister setzen wir uns bei ALTEN dafür ein, die Zukunft unserer Partner, die Karrieren unserer Mitarbeiter und die Herausforderungen für unsere Gesellschaft und Umwelt positiv zu gestalten.Mehr als 50.000 Mitarbeiter in 30 Ländern arbeiten schon heute an innovativen Lösungen in verschiedenen Ingenieur- und IT-Branchen wie Automobil, Luft- und Raumfahrt, erneuerbare Energien, Medizintechnik und Bahntechnik.Python-Entwickler Halbleiterindustrie (all gender)A home where people learn and thrive- Talent Management – wir entwickeln deine Karriere- Work Life Balance – flexible Arbeitszeiten und mobiles Arbeiten möglich- Fit and relaxed – mit EGYM Wellpass- Enjoy biking – immer on tour mit Dienstradleasing- Green Mobility – mit uns bist du vergünstigt unterwegs…und natürlich bieten wir die üblichen Standards wie 28 Tage Urlaub, viele Events, Relocation Support, unbefristeter Arbeitsvertrag und Corporate Benefits.Make it happenDu…- automatisierst die Tools, die FPGA-Entwickler in ihrem Arbeitsablauf verwenden- nutzt CI/CD-Tools und Version Control Tools wie svn, Bitbucket, Git und Jenkins- entwickelst und verbesserst FPGA-Software mit Python und Bash- bringst deine vielfältige Erfahrung in DevOps-Entwicklungsprojekten ein und optimierst bestehende Konzepte in der Halbleiterindustrie- setzt deine Kenntnisse der Windows- und Linux-Betriebssysteme ein- untersuchst und behebst Bugs und Fehler in bestehenden Arbeitsabläufen- arbeitest mit SCRUM/Agile WoW und nutzt Jira zur Aufgabenverfolgung- erstellst notwendige Unterlagen sowie Dokumentationen in Abstimmung mit dem Team- arbeitest eng mit dem ALTEN Team und dem Kundenteam zusammen, sowohl vor Ort als auch remoteBe our forward thinkerDu…- hast eine abgeschlossene Ausbildung der Nachrichtentechnik, Elektrotechnik oder ein abgeschlossenes Studium in vergleichbaren Themenfeldern- verfügst über Kenntnisse in den Programmiersprachen Python und Bash sowie Version Control Tools und CI/CD-Tools (svn, Bitbucket, Git, Jenkins)- kennst dich mit Windows- und Linux-Betriebssystemen aus- besitzt die Fähigkeit, Bugs und Fehler in bestehenden Arbeitsabläufen zu untersuchen und zu beheben- verfügst optimalerweise über Erfahrung in FPGA-Entwicklungsprojekten und über Verständnis des FPGA-Workflows- beherrscht Englisch und Deutsch in Wort und SchriftWir wertschätzen Vielfalt und begrüßen daher alle Bewerbungen – unabhängig von Geschlecht, Nationalität, ethnischer und sozialer Herkunft, Religion / Weltanschauung, Behinderung, Alter sowie sexueller Orientierung und Identität.Schwerbehinderte werden bei gleicher Eignung bevorzugt berücksichtigt.Noch offene Fragen?Dann melde dich bei mir:fabian.preidt@alten.comOder bewerbe dich jetzt über unser Online-Bewerbungsformular.Ergänzende Informationen:Anforderungen an den Bewerber:Grundkenntnisse: Informatik",,2025-04-29 14:53:49.911548,,fabian.preidt@alten.com,eures,,"[""https://jobs.smartrecruiters.com/oneclick-ui/company/ALTEN/publication/674bc4c1-8098-48fd-8e00-49fe2e988263?dcr_ci=ALTEN"", ""https://www.arbeitsagentur.de/jobsuche/jobdetail/10001-1001070569-S""]",,"[""fabian.preidt@alten.com""]",Nicht eingegeben,,"[""job""]",
14,Softwareentwickler (m/w/d) Python,invenio Virtual,Ismaning (85737),,vor 30+ Tagen,https://www.arbeitsagentur.de/jobsuche/jobdetail/11112-4024-1469508-3-S,"Kopfbereich
Arbeit
Softwareentwickler/in
Softwareentwickler (m/w/d) Python
invenio Virtual
Vollzeit
Ismaning
ab sofort
unbefristet
vor 30+ Tagen
Stellenbeschreibung
Vollständige Stellenbeschreibung bei unserem Kooperationspartner einsehen:
Externe Seite öffnen
Quelle: Deutschland-Stellenmarkt.de HR4...",1745938523,,,"Kopfbereich
Arbeit
Softwareentwickler/in
Softwareentwickler (m/w/d) Python
invenio Virtual
Vollzeit
Ismaning
ab sofort
unbefristet
vor 30+ Tagen
Stellenbeschreibung
Vollständige Stellenbeschreibung bei unserem Kooperationspartner einsehen:
Externe Seite öffnen
Quelle: Deutschland-Stellenmarkt.de HR4YOU
Fußbereich
Stelle betreut durch Arbeitgeber
Referenz-Nr.: 11112-4024-1469508-3-S
Zuletzt bearbeitet am: 07.04.2025
Verstoß melden",,2025-04-29 14:55:23.355661,,,Arbeitsagentur.de (Jobsuche),,,vor 30+ Tagen,,,,"[""job""]",
13,Softwareentwickler (m/w/d) Python (Softwareentwickler/in),invenio Virtual,"Germany: Munich, rural district",Full-time,07/04/2025,https://europa.eu/eures/portal/jv-se/jv-details/MTExMTItNDAyNC0xNDY5NTA4LTMtUyAx?lang=en,Stellenangebotsbeschreibung:  Die invenio-Gruppe ist mit über 1.500 Mitarbeiterinnen und Mitarbeitern an 21 weltweiten Standorten ein Entwicklungsspezialist für die Bauteil- und Systementwicklung - vom Konzept bis zur Umsetzung in Prototypen und Klei...,1745938520,"Ulf Böhrnseninvenio Virtual, Robert-Bürkle-Straße 3, 85737 Ismaning, Deutschland, BayernMunich, rural district  -GermanyEmail:karriere-vt@invenio.net","Gewünschte Bewerbungsarten: über Internet

Internetadresse: https://invenio.hr4you.org/generator.php?id=4024

Stellenangebot-Details in der Jobsuche der BA aufrufen:11112-4024-1469508-3-S","Die invenio-Gruppe ist mit über 1.500 Mitarbeiterinnen und Mitarbeitern an 21 weltweiten Standorten ein Entwicklungsspezialist für die Bauteil- und Systementwicklung - vom Konzept bis zur Umsetzung in Prototypen und Kleinserien. Seit mehr als 30 Jahren vertrauen Fahrzeughersteller und -zulieferer, die Medizintechnik sowie Unternehmen des Anlagen- und Maschinenbaus auf unsere Expertise als Technologiepartner und unsere Fähigkeit intelligente Soft- und Hardwarelösungen zu entwickeln. Unser Engagement und unsere Erfolge wurden u.a. mit dem 39;Deutschen Innovationspreis 2016 oder der Auszeichnung 39;Innovatoren des Jahres 201839; prämiert.- Weiterentwicklen unseres eigenen invenio Software Produktes Quality Monitor zur automatischen Analyse von Geometrie-Entwicklungsdaten- Analysieren von geometrischen Daten zur Absicherung digitaler Prototypen- Entwickeln von Schnittstellen und Anbindungen zur Software-Lösung, um verschiedene CAD- und PDM-Systeme bei der Software-Implementierung beim Kunden zu unterstützen- Erstellen automatisierter Testverfahren, um eine hohe Software-Qualität zu gewährleistenErfahren Sie mehr über unsere mehrfach preisgekrönte Software-Lösung mit integrierter Künstlicher Intelligenz!Softwareentwickler (m/w/d) Python- Abgeschlossenes Studium in Informatik, Wirtschaftsinformatik, Software Engineering oder eines vergleichbaren Studienganges- Erfahrungen in der Entwicklung von Client- / Server- und GUI-Anwendungen- Sehr gute Kenntnisse in der Skriptsprache Python (oder einer vergleichbaren Programmiersprache)- Know-how in der Anbindung von Datenbanken- Vertraut mit Linux-Systemen- Gute Deutsch- und EnglischkenntnisseIhre Bewerbung:Bewerben Sie sich bitte über den Link 39;Onlinebewerbung39; unten in dieser Anzeige. Laden Sie Ihre Bewerbungs-Dokumente möglichst im PDF-Format hoch und nennen Sie uns Ihren nächstmöglichen Eintrittstermin bzw. Ihre Kündigungsfrist sowie Ihren Gehaltswunsch.Für telefonische Vorabinformationen stehen wir Ihnen gerne zur Verfügung.Wir entwickeln. Auch Ihre Karriere!",,2025-04-29 14:53:49.911548,,karriere-vt@invenio.net,eures,,"[""https://invenio.hr4you.org/generator.php?id=4024"", ""https://www.arbeitsagentur.de/jobsuche/jobdetail/11112-4024-1469508-3-S""]",,"[""karriere-vt@invenio.net""]",Ulf Böhrnsen,,"[""job""]",
12,Software-Entwickler Python (m/w/d),Victoria Consulting GmbH,Erlangen (91052),,vor 30+ Tagen,https://www.arbeitsagentur.de/jobsuche/jobdetail/12697-k10989.10485-S,"Software-Entwickler Python (m/w/d)
Kopfbereich
Arbeit
Softwareentwickler/in
Software-Entwickler Python (m/w/d)
Victoria Consulting GmbH
Vollzeit
verschiedene Arbeitsorte
ab sofort
unbefristet
vor 30+ Tagen
Stellenbeschreibung
Stelle im Rahmen der Arbeitnehmerüberlassung
Software-Entwickler Python (m...",1745938506,"Application Links:
Apply URL: https://www.arbeitsagentur.de/jobsuche/suche?kundennummer=OL8taPpxqPqmFNG0k0dpI59Uxxgvg8B0rUVMpOTj248=__del__Victoria%20Consulting%20GmbH&amp;angebotsart=1
Apply URL: https://www.arbeitsagentur.de/jobsuche/jobdetail/12697-k10989.10485-S",,"Software-Entwickler Python (m/w/d)
Kopfbereich
Arbeit
Softwareentwickler/in
Software-Entwickler Python (m/w/d)
Victoria Consulting GmbH
Vollzeit
verschiedene Arbeitsorte
ab sofort
unbefristet
vor 30+ Tagen
Stellenbeschreibung
Stelle im Rahmen der Arbeitnehmerüberlassung
Software-Entwickler Python (m/w/d) in Erlangen
Seit 2008 sind wir die Experten in der erfolgreichen Besetzung anspruchsvoller Positionen mit den passenden Talenten. Unser familiäres Unternehmen verbindet höchste Standards mit den Werten Fairness, Transparenz und Verbindlichkeit. Ihre Karriere ist unsere Verantwortung!
Für unseren Kunden, einem führenden Unternehmen im Anlagenbau, suchen wir zur Unterstützung im Bereich Labor und Informations-Management-Systeme im Rahmen der Arbeitnehmerüberlassung einen Software-Entwickler (m/w/d) für folgende Aufgaben:
Ihre Aufgaben:
Entwicklung einer eigenständigen Software in Python zur Auswertung und Evaluierung von diversen Laborversuchen nach Vorgaben des Laborpersonals und gültigem Regelwerk
Zusammenfassung der von dieser Software berechneten Ergebnisse in einem Versuchsbericht mittels einer internen Datenplattform.
Dokumentation der entwickelten Software sowie Koordination mit den Ingenieuren für die Validierung der Berechnungen
Vorbereitung von Schulungsmaterialen und Handbücher zur Software mit Durchführung von Schulungen für das Laborpersonal.
Das bringen Sie mit:
Abgeschlossene Berufsausbildung im Bereich IT oder einer technischen Fachrichtung, z. B. mit Laborbezug/Laborerfahrung sowie Weiterbildung zum Techniker
Erfahrung in der Programmierung/Software Entwicklung",,2025-04-29 14:55:06.582307,,,Arbeitsagentur.de (Jobsuche),,"Apply URL: https://www.arbeitsagentur.de/jobsuche/suche?kundennummer=OL8taPpxqPqmFNG0k0dpI59Uxxgvg8B0rUVMpOTj248=__del__Victoria%20Consulting%20GmbH&amp;angebotsart=1
Apply URL: https://www.arbeitsagentur.de/jobsuche/jobdetail/12697-k10989.10485-S",vor 30+ Tagen,,,,"[""job""]",
11,Entwickler Python (m/w/d) (Informatiker/in),FERCHAU GmbH Niederlassung Potsdam,Germany: Oberhavel,Full-time,07/04/2025,https://europa.eu/eures/portal/jv-se/jv-details/MTIyNjUtMjQxNDMwX0pCNDcxOTU2Ni1TIDE?lang=en,Stellenangebotsbeschreibung:  Technologien auf das nächste Level heben. Sich Herausforderungen stellen und an den Innovationen von morgen arbeiten - dafür benötigen wir bei FERCHAU Expert:innen wie dich: Wir realisieren spannende Projekte für namhaft...,1745938505,"Matthias SpeidelFERCHAU GmbH, Zeppelinstraße 136, 14471 Potsdam, Deutschland, BrandenburgPotsdam, urban district  -GermanyTel.:+49 331 50574321Email:matthias.speidel@ferchau.com","Gewünschte Bewerbungsarten: über www.arbeitsagentur.de, per E-Mail, schriftlich, über Internet

Internetadresse: https://www.jobexport.de/job/4719566.html?exp=60&cid=241430

Angaben zur Bewerbung: Bewerben Sie sich bitte online über den Link ""Über die Internetseite des Arbeitgebers"". Ist dies nicht möglich, nehmen Sie bitte per E-Mail Kontakt mit dem angegebenen Ansprechpartner auf.

Stellenangebot-Details in der Jobsuche der BA aufrufen:12265-241430_JB4719566-S","Technologien auf das nächste Level heben. Sich Herausforderungen stellen und an den Innovationen von morgen arbeiten - dafür benötigen wir bei FERCHAU Expert:innen wie dich: Wir realisieren spannende Projekte für namhafte Anbieter und Entwickler von IT-Lösungen und bringen die Themen Digitalisierung und Vernetzung nach vorne. Du weißt genau, was du technologisch auf dem Kasten hast? Du suchst einen Arbeitgeber, der das genau erkennt? Der dein Engagement wertschätzt und dir regelmäßig Weiterbildungsmöglichkeiten anbietet? Dann bewirb dich bei uns!Entwickler Python (m/w/d)Ihre Aufgaben:Dein Aufgabengebiet- Planung, Konzeption und Entwicklung von Softwareanwendungen mittels moderner Technologien- Technische Umsetzung nach agilen Softwaredesign-Prinzipien- Qualitätssicherung: Dokumentation, Debugging und Testing- Requirements Engineering- Weiterentwicklung der SystemarchitekturDeine Vorteile bei uns- Hohe Planungssicherheit durch unbefristeten Arbeitsvertrag- Attraktive Einkaufsvergünstigungen bei exklusiven Partnern- Gesundheit und Ausgleich durch FERCHAU-Sports- Mitarbeiterevents zur Stärkung des Teamgeists- Prämienprogramm für die Empfehlung von neuen Kollegen- Weiterbildungsangebote unseres Inhouse-Instituts, der FERCHAU Academy (E-Learnings, Trainings und Seminare)Ihre Qualifikationen:Das bringst du mit- Abgeschlossenes Studium oder abgeschlossene Ausbildung im technischen oder naturwissenschaftlichen Umfeld- Nachweisbare Projekterfahrung mit Python- Erste Erfahrungen von Funktions- und Integrationstests- Von Vorteil, Grundkenntnisse in der Webentwicklung inkl. JavaScript, HTML5 und CSS3 sowie in der Modellierung von Datenbanken- Teamfähigkeit und lösungsorientierte, innovative sowie selbstständige Arbeitsweise- Sehr gute Deutsch- und EnglischkenntnisseUnser Angebot ist wie für dich gemacht? Dann freuen wir uns auf deine Bewerbung - gern online unter der Kennziffer VA31-46493-P bei Herrn Matthias Speidel. Wir matchen: dein Potenzial und unsere Möglichkeiten. Challenge accepted? Starten wir gemeinsam das nächste Level und entwickeln die Zukunft!",,2025-04-29 14:53:49.911548,+49 331 50574321,matthias.speidel@ferchau.com,eures,,"[""http://www.arbeitsagentur.de"", ""https://www.jobexport.de/job/4719566.html?exp=60&cid=241430"", ""https://www.arbeitsagentur.de/jobsuche/jobdetail/12265-241430_JB4719566-S""]",,"[""matthias.speidel@ferchau.com""]",Matthias Speidel,+49 331 50574321,"[""job""]",
9,Softwareentwickler Python (m/w/d) (Softwareentwickler/in),GS-COMPANY GmbH & Co. KG,Germany: Oberhavel,Full-time,10/04/2025,https://europa.eu/eures/portal/jv-se/jv-details/MTI3MDEtMTAxMjE4My1TIDE?lang=en,Stellenangebotsbeschreibung:  Softwareentwickler Python (m/w/d) mit Affinität zum Produktmanagement gesucht!  Für unseren Kunden aus dem Bereich der Softwarelösungen und Kommunikationstechnologie mit Sitz in der Region nord-westlich von Berlin suchen...,1745938490,"BolsewigGS-Company GmbH & Co. KG, Mittelstraße 18, 16515 Oranienburg, Deutschland, BrandenburgOberhavel  -GermanyTel.:+49 3301 6774530Email:bolsewig@gs-company.de","Gewünschte Bewerbungsarten: per E-Mail, schriftlich, über Internet

Internetadresse: http://gs-company.de/de/jobboerse/artikel-a262170-A262170-1012180.html

Stellenangebot-Details in der Jobsuche der BA aufrufen:12701-1012183-S","Softwareentwickler Python (m/w/d) mit Affinität zum Produktmanagement gesucht!Für unseren Kunden aus dem Bereich der Softwarelösungen und Kommunikationstechnologie mit Sitz in der Region nord-westlich von Berlin suchen wir kollegiale Verstärkung als Softwareentwickler Python mit Affinität zum Produktmanagement (m/w/d).Was Sie erwartet:- Flache Hierarchien mit einer offenen Feedbackkultur- Angenehme und kollegiale Teamatmosphäre- Flexible Arbeitszeitmodelle (unter Einhaltung der Hauptarbeitszeiten)- Strukturiertes und umfangreiches Onboarding- Mobiles Arbeiten möglich- Viel Raum für innovative Ideen und Gestaltungsmöglichkeiten- Individuelle Weiterbildung nach persönlichen Fähigkeiten und Kenntnissen- Kostenfreie Kaffee- und Wasser-Flatrate sowie frisches Obst- Gemeinsame Aktivitäten wie Kicker im Büro- Kostenfreie Firmenparkplätze, Dienstrad-Leasing und Vergünstigungen für das DeutschlandticketIhre Aufgaben:Entwicklungsaufgaben:- Neu- und Weiterentwicklung von Anwendungen zur Erweiterung des Produktportfolios mit modernen Technologien- Technische Umsetzung nach agilen Softwaredesign-Prinzipien- Mitarbeit an der Weiterentwicklung der Systemarchitektur- Modellierung und Optimierung von Datenbanken (z. B. MySQL)- Entwicklung von APIs und Backend-Technologien, vorzugsweise in Python, für Linux-basierte Systeme- Durchführung von Funktions- und Integrationstests- Dokumentation der Entwicklungen und Sicherstellung von Qualität und NachvollziehbarkeitProduct Owner Aufgaben:- Konzeptionelle Weiterentwicklung bestehender Produkte in enger Zusammenarbeit mit Entwicklungs- und Testteam- Dokumentation im Ticketsystem und Wissensdatenbank- Pflege des Ticketbacklogs- Mitwirkung an Versionsplanungen- Anforderungs- und Stakeholdermanagement- Abstimmung mit externen Dienstleistern und Partnern- Dokumentation und Wissensmanagement im Ticketsystem und in der WissensdatenbankIhr Profil:- Abgeschlossenes Hochschulstudium in Informatik, einem IT-nahen Studiengang oder vergleichbare Ausbildung- Sehr gute Kenntnisse in der objektorientierten Entwicklung mit Python- Ausgeprägtes Verständnis von Softwarearchitektur und Systemintegration- Empathie und Verbindlichkeit in der Zusammenarbeit sowie Freude an der teamübergreifenden Arbeit- Vertrautheit mit gängigen Entwicklungsumgebungen, Versionskontrollsystemen (z. B. git), Ticketsystemen und Tools wie Confluence- Begeisterung für die Entwicklung eines tiefen Produktverständnisses, um Expertenwissen zu erlangen- Kundenorientierung und zielgruppenorientierte Kommunikation- Erfahrungen mit komplexen Software-Strukturen und agilen Softwareentwicklungsprozessen von Vorteil- Sehr gute Deutschkenntnisse- Selbstständige, strukturierte und qualitätsorientierte ArbeitsweiseHaben wir Ihr Interesse geweckt? Dann freuen wir uns auf Ihre Bewerbung und darauf Sie persönlich kennenzulernen!Senden Sie uns Ihre Bewerbungsunterlagen ganz einfach per Mail bitte inkl. Ihrer Gehaltsvorstellungen an Frau Bolsewig,bolsewig@gs-company.deHinweis:Wir behandeln alle Bewerbungen selbstverständlich mit äußerster Sorgfalt und absolut vertraulich, damit Ihr Arbeitgeberwechsel diskret und unkompliziert ablaufen kannAlle Stellenausschreibungen richten sich stets an männliche, weibliche und diverse Bewerber, unabhängig von Alter, Geschlecht, Herkunft, sexueller Orientierung, Behinderung, Religion und Weltanschauung. Die Auswahl der Bewerber erfolgt ausschließlich anhand von Qualifikationen.",,2025-04-29 14:53:49.911548,+49 3301 6774530,bolsewig@gs-company.de,eures,,"[""http://gs-company.de/de/jobboerse/artikel-a262170-A262170-1012180.html"", ""https://www.arbeitsagentur.de/jobsuche/jobdetail/12701-1012183-S""]",,"[""bolsewig@gs-company.de""]",Bolsewig,+49 3301 6774530,"[""job""]",
10,Softwareentwickler Python (m/w/d) Produktmanagement,GS-COMPANY GmbH & Co. KG,Berlin (13465),,Gestern,https://www.arbeitsagentur.de/jobsuche/jobdetail/12701-1012621-S,"Softwareentwickler Python (m/w/d) Produktmanagement
Kopfbereich
Arbeit
Softwareentwickler/in
Softwareentwickler Python (m/w/d) Produktmanagement
GS-COMPANY GmbH & Co. KG
Vollzeit
Berlin
ab 01.06.2025
unbefristet
Gestern
Stellenbeschreibung
Stelle im Rahmen der Personalvermittlung
Softwareentwickler ...",1745938489,Email: bolsewig@gs-company.de,,"Softwareentwickler Python (m/w/d) Produktmanagement
Kopfbereich
Arbeit
Softwareentwickler/in
Softwareentwickler Python (m/w/d) Produktmanagement
GS-COMPANY GmbH & Co. KG
Vollzeit
Berlin
ab 01.06.2025
unbefristet
Gestern
Stellenbeschreibung
Stelle im Rahmen der Personalvermittlung
Softwareentwickler Python (m/w/d) mit Affinität zum Produktmanagement gesucht!
Für unseren Kunden aus dem Bereich der Softwarelösungen und Kommunikationstechnologie mit Sitz in der Region nord-westlich von Berlin suchen wir kollegiale Verstärkung als Softwareentwickler Python mit Affinität zum Produktmanagement (m/w/d).
Was Sie erwartet:
Flache Hierarchien mit einer offenen Feedbackkultur
Angenehme und kollegiale Teamatmosphäre
Flexible Arbeitszeitmodelle (unter Einhaltung der Hauptarbeitszeiten)
Strukturiertes und umfangreiches Onboarding
Mobiles Arbeiten möglich
Viel Raum für innovative Ideen und Gestaltungsmöglichkeiten
Individuelle Weiterbildung nach persönlichen Fähigkeiten und Kenntnissen
Kostenfreie Kaffee- und Wasser-Flatrate sowie frisches Obst
Gemeinsame Aktivitäten wie Kicker im Büro
Kostenfreie Firmenparkplätze, Dienstrad-Leasing und Vergünstigungen für das Deutschlandticket
Das bringen Sie mit:",,2025-04-29 14:54:49.766594,,bolsewig@gs-company.de,Arbeitsagentur.de (Jobsuche),,"Apply URL: https://www.arbeitsagentur.de/jobsuche/suche?kundennummer=dXx0EE3iFHViwL105Qerbcs3brCoMYtjBYCjOvOyOhs=__del__GS-COMPANY%20GmbH%20%26%20Co.%20KG&amp;angebotsart=1
Apply URL: https://www.arbeitsagentur.de/jobsuche/jobdetail/12701-1012621-S",Gestern,,,,"[""job""]",
8,Softwareentwickler (m/w/d) Python (Softwareentwickler/in),FERCHAU GmbH Niederlassung Friedrichshafen,Germany: Lake Constance district,Full-time,11/04/2025,https://europa.eu/eures/portal/jv-se/jv-details/MTIyNjUtMjcxMzU3X0pCNDcyNjQ4Mi1TIDE?lang=en,"Stellenangebotsbeschreibung:  Die besten Köpfe für die unterschiedlichsten Aufgaben zu finden sowie Menschen und Technologien zu verbinden, und zwar täglich aufs Neue - dafür schätzen unsere Kunden FERCHAU. Unterstütze uns: als ambitionierte:r Mitarb...",1745938475,"Jasmin MausFERCHAU GmbH, Otto-Lilienthal-Straße 6, 88046 Friedrichshafen, Deutschland, Baden-WürttembergLake Constance district  -GermanyTel.:+49 7541 7007632Email:Jasmin.Maus@ferchau.com","Gewünschte Bewerbungsarten: über www.arbeitsagentur.de, per E-Mail, schriftlich, über Internet

Internetadresse: https://www.jobexport.de/job/4726482.html?exp=60&cid=271357

Angaben zur Bewerbung: Bewerben Sie sich bitte online über den Link ""Über die Internetseite des Arbeitgebers"". Ist dies nicht möglich, nehmen Sie bitte per E-Mail Kontakt mit dem angegebenen Ansprechpartner auf.

Stellenangebot-Details in der Jobsuche der BA aufrufen:12265-271357_JB4726482-S","Die besten Köpfe für die unterschiedlichsten Aufgaben zu finden sowie Menschen und Technologien zu verbinden, und zwar täglich aufs Neue - dafür schätzen unsere Kunden FERCHAU. Unterstütze uns: als ambitionierte:r Mitarbeitende:r für einen unserer Kunden. Wir realisieren spannende Projekte für namhafte Kunden in allen Technologiebereichen und für alle BranchenSoftwareentwickler (m/w/d) PythonIhre Aufgaben:Dein Aufgabengebiet- Agile Konzeption und Umsetzung unserer neuen Enterprise-Lösung- Umsetzung komplexer Anforderungen im Backend unter Linux mit Docker und Python- Anwendung innovativer Technologien wie Python, JavaScript, relationalen Datenbanken sowie Zeitreihendatenbanken- Erfassung von Anforderungen und Entwicklung von Lösungskonzepten- Enge Zusammenarbeit mit internen und externen Teams- Begleitung des Software Life Cycles- Marktbeobachtungen sowie Bewertung und Auswahl zukünftig genutzter TechnologienDeine Vorteile bei uns- Attraktive, leistungsgerechte Vergütungsstrukturen- Gezielte Förderung Deiner fachspezifischen Kompetenz- Hohe Planungssicherheit durch unbefristeten Arbeitsvertrag- Satte Rabatte mit Einkaufsvergünstigungen z. B. bei Reisen, Elektronik oder Autos- Jahresbrutto bei 40h/Woche (abhängig von Qualifikation und Praxiserfahrung)Ihre Qualifikationen:Womit du uns überzeugst- Erfolgreich abgeschlossenes Studium der Informatik, Mathematik, Physik oder eine vergleichbare Fachrichtung- Erfahrung in der Softwareentwicklung mit Python- Erfahrung mit Continuous Integration, Continuous Deployment und Git- Kenntnisse in der Softwarearchitektur und zu Microservices sowie mit Container Orchestration und Docker- Erfahrung mit Schnittstellen und API wie zum Beispiel JSON, RESTful APIs- Gute Deutsch- und EnglischkenntnisseUnser Angebot ist wie für dich gemacht? Dann freuen wir uns auf deine Bewerbung - gern online unter der Kennziffer VA70-40971-FN bei Frau Jasmin Maus. Wir matchen: dein Potenzial und unsere Möglichkeiten. Challenge accepted? Starten wir gemeinsam das nächste Level und entwickeln die Zukunft!",,2025-04-29 14:53:49.911548,+49 7541 7007632,Jasmin.Maus@ferchau.com,eures,,"[""http://www.arbeitsagentur.de"", ""https://www.jobexport.de/job/4726482.html?exp=60&cid=271357"", ""https://www.arbeitsagentur.de/jobsuche/jobdetail/12265-271357_JB4726482-S""]",,"[""Jasmin.Maus@ferchau.com""]",Jasmin Maus,+49 7541 7007632,"[""job""]",
7,Junior Softwareentwickler Python (m/w/d),FERCHAU GmbH Niederlassung Kassel,"Kassel, Hessen (34117)",,Gestern,https://www.arbeitsagentur.de/jobsuche/jobdetail/12265-382087_JB4745526-S,"Junior Softwareentwickler Python (m/w/d)
Kopfbereich
Arbeit
Softwareentwickler/in
Junior Softwareentwickler Python (m/w/d)
FERCHAU GmbH Niederlassung Kassel
Vollzeit
Kassel, Hessen
ab 02.05.2025
Gestern
Stellenbeschreibung
Stelle im Rahmen der Arbeitnehmerüberlassung
Starte noch heute Deine IT- und ...",1745938472,"Application Links:
Apply URL: https://www.arbeitsagentur.de/jobsuche/suche?kundennummer=MRj4Ik3lKqYH6f1DiAMTpGwCgQJDEcu8AejrZ9I81v4=__del__FERCHAU%20GmbH%20Niederlassung%20Kassel&amp;angebotsart=1
Apply URL: https://www.arbeitsagentur.de/jobsuche/jobdetail/12265-382087_JB4745526-S",,"Junior Softwareentwickler Python (m/w/d)
Kopfbereich
Arbeit
Softwareentwickler/in
Junior Softwareentwickler Python (m/w/d)
FERCHAU GmbH Niederlassung Kassel
Vollzeit
Kassel, Hessen
ab 02.05.2025
Gestern
Stellenbeschreibung
Stelle im Rahmen der Arbeitnehmerüberlassung
Starte noch heute Deine IT- und Engineering-Karriere bei FERCHAU und entwickle die Innovationen von morgen. Wir suchen Dich: Als ambitionierten Kollege, der wie wir Technologien auf die nächste Stufe bringen möchte. Wir realisieren spannende Projekte für namhafte Anbieter und Entwickler von IT-Lösungen für smarte Integration von IT-Trends und etablierten Lösungen. Als Berufseinsteiger unterstützt Du Deine Kollegen mit neuen Ideen und festigst Dein Wissen durch praktische Erfahrungen.
Junior Softwareentwickler Python (m/w/d)
Ihre Aufgaben:
Das sind Deine Aufgaben in unserem Team
Mitarbeit an der Entwicklung und Implementierung von Softwarelösungen unter Verwendung von Python
Unterstützung bei der Analyse von Anforderungen und der Erstellung technischer Spezifikationen
Programmierung, Testen und Debuggen von Code
Beteiligung an der Optimierung bestehender Softwareanwendungen
Aktive Teilnahme an Teammeetings und interdisziplinärer Zusammenarbeit
Das erwartet Dich bei uns
Flexible Arbeitszeitgestaltung durch Gleitzeitregelungen, Teilzeitmöglichkeiten und z. T. Vertrauensarbeitszeit",,2025-04-29 14:54:32.356553,,,Arbeitsagentur.de (Jobsuche),,"Apply URL: https://www.arbeitsagentur.de/jobsuche/suche?kundennummer=MRj4Ik3lKqYH6f1DiAMTpGwCgQJDEcu8AejrZ9I81v4=__del__FERCHAU%20GmbH%20Niederlassung%20Kassel&amp;angebotsart=1
Apply URL: https://www.arbeitsagentur.de/jobsuche/jobdetail/12265-382087_JB4745526-S",Gestern,,,,"[""job""]",
6,Softwareentwickler (m/w/d) Python (Softwareentwickler/in),FERCHAU GmbH Niederlassung Saarbrücken,Germany: Saarbrücken regional federation,Full-time,11/04/2025,https://europa.eu/eures/portal/jv-se/jv-details/MTIyNjUtMjQ5OTExX0pCNDcyNjU1NS1TIDE?lang=en,"Stellenangebotsbeschreibung:  Menschen und Technologien zu verbinden, den Perfect Match für unsere Kunden zu gestalten, immer die richtigen Expert:innen für die jeweilige Herausforderung zu finden - das ist unser Anspruch bei FERCHAU und dafür suchen...",1745938460,"Nadine SchmittFERCHAU GmbH, Altenkesseler Str. 17, Gebäude, 66115 Saarbrücken, Deutschland, SaarlandSaarbrücken regional federation  -GermanyTel.:+49 681 8390960Email:saarbruecken@ferchau.com","Gewünschte Bewerbungsarten: über www.arbeitsagentur.de, per E-Mail, schriftlich, über Internet

Internetadresse: https://www.jobexport.de/job/4726555.html?exp=60&cid=249911

Angaben zur Bewerbung: Bewerben Sie sich bitte online über den Link ""Über die Internetseite des Arbeitgebers"". Ist dies nicht möglich, nehmen Sie bitte per E-Mail Kontakt mit dem angegebenen Ansprechpartner auf.

Stellenangebot-Details in der Jobsuche der BA aufrufen:12265-249911_JB4726555-S","Menschen und Technologien zu verbinden, den Perfect Match für unsere Kunden zu gestalten, immer die richtigen Expert:innen für die jeweilige Herausforderung zu finden - das ist unser Anspruch bei FERCHAU und dafür suchen wir Sie: als ambitionierte:r Kolleg:in, der:die wie wir Technologien auf die nächste Stufe bringen möchte. Wir realisieren spannende Projekte für namhafte Kunden in allen Technologiebereichen und für alle Branchen und überzeugen täglich mit fundierter Expertise und fachlichem Know-how.Softwareentwickler (m/w/d) PythonIhre Aufgaben:Dein Aufgabengebiet*In enger Abstimmung mit dem Team und den Projektmanagern planst und entwickelst du neue Features/ Module und berätst die Kollegen aus technischer Perspektive*Du schreibst maintainable und clean Codes und bist hier auch für die Dokumentation und die Implementierung zuständig*Du unterstützt den Support bei technischen Problemen oder Fehlern in den bereitgestellten System*Die Bereitstellung neuer Kundensysteme sowie deren Wartung und Aktualisierung rundet dein vielfältiges Aufgabengebiet abDas erwartet dich bei uns- Unbefristeter Arbeitsvertrag- Weiterbildungsangebote unseres Inhouse-Instituts, der FERCHAU Academy (E-learnings, Trainings und Seminare)- Bei uns können Sie eigene Ideen einbringen und aktiv mitgestalten- Mehr als der BAP, wir bieten Sonderurlaub, Kindergartenzuschuss, Jubiläumszuwendungen uvm.Ihre Qualifikationen:Das bringst du mit*Du hast ein abgeschlossenes Studium im IT-Bereich oder eine vergleichbare abgeschlossene Ausbildung*Du hast erste Erfahrung im Programmieren mit Python oder in der ERP-Softwareentwicklung (gerne auch Berufsanfänger:in)*Du bist offen für neue Technologien und arbeiten gerne auch an eigenen Softwareprojekten*Sehr gute Deutsch- und Englischkenntnisse in Wort und Schrift*Eine teamorientierte und selbständige Arbeitsweise rundet dein Profil abUnser Angebot ist wie für dich gemacht? Dann freuen wir uns auf deine Bewerbung - gern online oder per E-Mail unter der Kennziffer VA39-15769-SB bei Frau Nadine Schmitt. Wir matchen: dein Potenzial und unsere Möglichkeiten. Challenge accepted? Starten wir gemeinsam das nächste Level und entwickeln die Zukunft!",,2025-04-29 14:53:49.911548,+49 681 8390960,saarbruecken@ferchau.com,eures,,"[""http://www.arbeitsagentur.de"", ""https://www.jobexport.de/job/4726555.html?exp=60&cid=249911"", ""https://www.arbeitsagentur.de/jobsuche/jobdetail/12265-249911_JB4726555-S""]",,"[""saarbruecken@ferchau.com""]",Nadine Schmitt,+49 681 8390960,"[""job""]",
5,Softwareentwickler Python (m/w/d),GS-COMPANY GmbH & Co. KG,Hennigsdorf (16761),,vor 19 Tagen,https://www.arbeitsagentur.de/jobsuche/jobdetail/12701-1012183-S,"Softwareentwickler Python (m/w/d)
Kopfbereich
Arbeit
Softwareentwickler/in
Softwareentwickler Python (m/w/d)
GS-COMPANY GmbH & Co. KG
Vollzeit
Hennigsdorf
ab 15.05.2025
unbefristet
vor 19 Tagen
Stellenbeschreibung
Stelle im Rahmen der Personalvermittlung
Softwareentwickler Python (m/w/d) mit Affinit...",1745938455,Email: bolsewig@gs-company.de,,"Softwareentwickler Python (m/w/d)
Kopfbereich
Arbeit
Softwareentwickler/in
Softwareentwickler Python (m/w/d)
GS-COMPANY GmbH & Co. KG
Vollzeit
Hennigsdorf
ab 15.05.2025
unbefristet
vor 19 Tagen
Stellenbeschreibung
Stelle im Rahmen der Personalvermittlung
Softwareentwickler Python (m/w/d) mit Affinität zum Produktmanagement gesucht!
Für unseren Kunden aus dem Bereich der Softwarelösungen und Kommunikationstechnologie mit Sitz in der Region nord-westlich von Berlin suchen wir kollegiale Verstärkung als Softwareentwickler Python mit Affinität zum Produktmanagement (m/w/d).
Was Sie erwartet:
Flache Hierarchien mit einer offenen Feedbackkultur
Angenehme und kollegiale Teamatmosphäre
Flexible Arbeitszeitmodelle (unter Einhaltung der Hauptarbeitszeiten)
Strukturiertes und umfangreiches Onboarding
Mobiles Arbeiten möglich
Viel Raum für innovative Ideen und Gestaltungsmöglichkeiten
Individuelle Weiterbildung nach persönlichen Fähigkeiten und Kenntnissen
Kostenfreie Kaffee- und Wasser-Flatrate sowie frisches Obst
Gemeinsame Aktivitäten wie Kicker im Büro
Kostenfreie Firmenparkplätze, Dienstrad-Leasing und Vergünstigungen für das Deutschlandticket
Ihre Aufgaben:
Entwicklungsaufgaben:",,2025-04-29 14:54:15.847136,,bolsewig@gs-company.de,Arbeitsagentur.de (Jobsuche),,"Apply URL: https://www.arbeitsagentur.de/jobsuche/suche?kundennummer=dXx0EE3iFHViwL105Qerbcs3brCoMYtjBYCjOvOyOhs=__del__GS-COMPANY%20GmbH%20%26%20Co.%20KG&amp;angebotsart=1
Apply URL: https://www.arbeitsagentur.de/jobsuche/jobdetail/12701-1012183-S",vor 19 Tagen,,,,"[""job""]",
4,Python Developer (w/m/d) (Informatiker/in),50Hertz Transmission GmbH AD Berlin,Germany: Berlin,Full-time,23/04/2025,https://europa.eu/eures/portal/jv-se/jv-details/MTAwMDEtMTAwMTMwNDA5NC1TIDE?lang=en,Stellenangebotsbeschreibung:  Hier entwickle ich Softwarekomponenten und -anwendungen im Projekt „MCCS Grid Analysis“ und treibe somit die digitale Energiewende voran.   Das macht diesen Job für mich interessant: 50Hertz steht an der Spitze der Energ...,1745938445,"Andreas Holleczek50Hertz Transmission GmbH AD Berlin, Heidestr. 2, 10557 Berlin, Deutschland, BerlinBerlin  -GermanyEmail:work@50hertz.com","Gewünschte Bewerbungsarten: über Internet

Internetadresse: https://karriere.50hertz.com/offer/python-developer-w-m-d/4b31fd74-c479-4c91-af3f-3ba31dca8c3d

Geforderte Anlagen: Lebenslauf, Zeugnisse

Stellenangebot-Details in der Jobsuche der BA aufrufen:10001-1001304094-S","Hier entwickle ich Softwarekomponenten und -anwendungen im Projekt „MCCS Grid Analysis“ und treibe somit die digitale Energiewende voran.Das macht diesen Job für mich interessant: 50Hertz steht an der Spitze der Energiewende. Bei 50Hertz kann ich etwas Sinnvolles bewirken und Werte für eine Organisation schaffen, die die Sicherheit der Energieversorgung für 18 Millionen Menschen gewährleistet. Als Entwicklerin werde ich Teil einer internationalen Entwicklungsabteilung sein, in der Fachleute wie Softwareingenieurinnen und Architektinnen zusammenarbeiten, die sich auf die Entwicklung und Wartung hochwertiger, skalierbarer und effizienter Softwarelösungen spezialisiert haben. Dabei kann ich meine Stärken kontinuierlich ausbauen, mein Wissen weitergeben und von meinen Fachkolleginnen lernen.Meine Aufgaben:- Entwicklung von sauberem und effizientem Code auf der Grundlage von Spezifikationen und Richtlinien,- Entwicklung, Pflege und Nutzung von Deployment-Pipelines (nach dem Paradigma „Infrastructure as Code“),- Aufbau und Bereitstellung von Python-Diensten in Kubernetes,- Einrichtung von Automatisierungs- / Testskripten zur Unterstützung von Spezialist*innen bei der Durchführung von Funktions- und Qualitätstests,- Behebung von Programmierproblemen und Gewährleistung einer produktiven Arbeitsumgebung,- Wartung und regelmäßige Verbesserung der bestehenden Software,- Analysieren und Testen vor der Markteinführung,- Gewährleistung der Softwaresicherheit durch Entwicklung von Programmen zur aktiven Überwachung der Offenlegung privater Informationen,- Entwicklung von Optimierungsmodulen für die Grid Analysis auf der Grundlage vorgegebener Anwender*innen berichte,- Teilnahme am 24/7 Bereitschaftsdienst für den Support.Meine Kompetenzen:- Abgeschlossenes Studium der (Wirtschafts-) Informatik oder eine vergleichbare Fachrichtung,- Mind. 5 Jahre Berufserfahrung in der Programmierung mit Python (Stack: fastapi, poetry, ruff, black, pandas, protobuf, confluent-kafka, K8s, Azure-Pipelines, helm),- Erfahrung mit Web-Integrationstechnologien wie bspw. REST,- Konzeptuelles Wissen über Dependency Injection, Software Design Patterns und continuous Integration,- Versierter Umgang mit Angular oder React,- Sprachkenntnisse: Fließendes Englisch (C1) und Deutsch (B2).Kein Muss, aber von Vorteil:- Erfahrung mit der Entwicklung in einer Cloud-Umgebung (öffentliche und private Cloud),- Verständnis von CIM/CGMES-Datenmodellen,- Verständnis von Grid Analysis Toolchains / Architekturen (mat. Programmiersprache, Solver-Kopplung).Flexikompass - so flexibel ist diese Stelle- Arbeitszeit: 37 Wochenstunden (Vollzeit),- Flexible Arbeitszeiten mit Langzeitkonto zur Unterstützung Ihrer Work-Life-Balance,- 30 Tage Urlaub,- Die Zahl der Gleittage ist nicht begrenzt,- Keine Kernarbeitszeit,- Mobiles Arbeiten (auch von zuhause) möglich.Das bietet Ihnen diese Stelle- Umfassende Einarbeitung und individuelle Fortbildungsmöglichkeiten,- Eine moderne Arbeitsumgebung im Stadtzentrum (direkt am Hauptbahnhof),- 30 Tage Urlaub,- Kita und Eltern-Kind-Büro für kurzzeitige Betreuungsengpässe,- Ein Betriebsrestaurant, in dem täglich frisch gekocht wird,- Kostenfreie Getränke (Kaffee, Kakao, Tee, Wasser),- Betriebliche Altersvorsorge,- … und mehr davon auf unserer Karriere-Website.Ihre BewerbungWir sichten laufend, deshalb freuen wir uns, wenn Sie sich möglichst zeitnah bewerben. Bitte laden Sie Ihren Lebenslauf und Ihre Zeugnisse (mit Angabe Ihrer Gehaltsvorstellung und Verfügbarkeit oder Kündigungsfrist) über unser Bewerbungsformular hoch.Hinweis: Bitte zögern Sie nicht, sich zu bewerben, auch wenn Sie nicht in allen Punkten dem Kompetenzprofil 1:1 entsprechen.Würden Sie gern mehr erfahren? Haben Sie (fachliche) Fragen zur Aufgabe? Dann schreiben Sie anwork@50hertz.com. Bitte beziehen Sie sich im E-Mail-Betreff auf die Stellen-ID 9715.Wir freuen uns über Bewerbungen von Menschen mit Behinderungen. Die 50Hertz-Schwerbehindertenvertretung (SBV) (sbv@50hertz.com) berät Sie gern und vertraulich, auch zur Barrierefreiheit unserer Standorte. Wenn Sie bereits im Bewerbungsformular und/oder Ihrer Bewerbung auf Ihre (Schwer-) Behinderung aufmerksam machen möchten, leiten wir Ihre Bewerbung an die SBV weiter, damit sie Ihre Bewerbung von Beginn an aktiv unterstützen kann.50Hertz Transmission GmbH – ein Unternehmen der europäischen Elia GroupPersonal, Eduard Weissbrot,work@50hertz.comwww.50hertz.comErgänzende Informationen:Anforderungen an den Bewerber:Expertenkenntnisse: Programmiersprache Python",,2025-04-29 14:53:49.911548,,work@50hertz.com,eures,,"[""https://karriere.50hertz.com/offer/python-developer-w-m-d/4b31fd74-c479-4c91-af3f-3ba31dca8c3d"", ""https://www.arbeitsagentur.de/jobsuche/jobdetail/10001-1001304094-S""]",,"[""work@50hertz.com""]",Andreas Holleczek,,"[""job""]",
3,Softwareentwickler (m/w/d) Python,FERCHAU GmbH Niederlassung Saarbrücken,Saarbrücken (66115),,vor 18 Tagen,https://www.arbeitsagentur.de/jobsuche/jobdetail/12265-249911_JB4726555-S,"Softwareentwickler (m/w/d) Python
Kopfbereich
Arbeit
Softwareentwickler/in
Softwareentwickler (m/w/d) Python
FERCHAU GmbH Niederlassung Saarbrücken
Vollzeit
Saarbrücken
ab sofort
vor 18 Tagen
Stellenbeschreibung
Stelle im Rahmen der Arbeitnehmerüberlassung
Menschen und Technologien zu verbinden, den...",1745938438,"Application Links:
Apply URL: https://www.arbeitsagentur.de/jobsuche/suche?kundennummer=eNCU45AKzrdgFQ6Z8ExRA2_HZVz0_9xWUhtQHCYstpA=__del__FERCHAU%20GmbH%20Niederlassung%20Saarbr%C3%BCcken&amp;angebotsart=1
Apply URL: https://www.arbeitsagentur.de/jobsuche/jobdetail/12265-249911_JB4726555-S",,"Softwareentwickler (m/w/d) Python
Kopfbereich
Arbeit
Softwareentwickler/in
Softwareentwickler (m/w/d) Python
FERCHAU GmbH Niederlassung Saarbrücken
Vollzeit
Saarbrücken
ab sofort
vor 18 Tagen
Stellenbeschreibung
Stelle im Rahmen der Arbeitnehmerüberlassung
Menschen und Technologien zu verbinden, den Perfect Match für unsere Kunden zu gestalten, immer die richtigen Expert:innen für die jeweilige Herausforderung zu finden - das ist unser Anspruch bei FERCHAU und dafür suchen wir Sie: als ambitionierte:r Kolleg:in, der:die wie wir Technologien auf die nächste Stufe bringen möchte. Wir realisieren spannende Projekte für namhafte Kunden in allen Technologiebereichen und für alle Branchen und überzeugen täglich mit fundierter Expertise und fachlichem Know-how.
Softwareentwickler (m/w/d) Python
Ihre Aufgaben:
Dein Aufgabengebiet
*In enger Abstimmung mit dem Team und den Projektmanagern planst und entwickelst du neue Features/ Module und berätst die Kollegen aus technischer Perspektive
*Du schreibst maintainable und clean Codes und bist hier auch für die Dokumentation und die Implementierung zuständig
*Du unterstützt den Support bei technischen Problemen oder Fehlern in den bereitgestellten System
*Die Bereitstellung neuer Kundensysteme sowie deren Wartung und Aktualisierung rundet dein vielfältiges Aufgabengebiet ab
Das erwartet dich bei uns
Unbefristeter Arbeitsvertrag
Weiterbildungsangebote unseres Inhouse-Instituts, der FERCHAU Academy (E-learnings, Trainings und Seminare)
Bei uns können Sie eigene Ideen einbringen und aktiv mitgestalten",,2025-04-29 14:53:58.932509,,,Arbeitsagentur.de (Jobsuche),,"Apply URL: https://www.arbeitsagentur.de/jobsuche/suche?kundennummer=eNCU45AKzrdgFQ6Z8ExRA2_HZVz0_9xWUhtQHCYstpA=__del__FERCHAU%20GmbH%20Niederlassung%20Saarbr%C3%BCcken&amp;angebotsart=1
Apply URL: https://www.arbeitsagentur.de/jobsuche/jobdetail/12265-249911_JB4726555-S",vor 18 Tagen,,,,"[""job""]",
2,Python Developer (w/m/d) (Softwareentwickler/in),50Hertz Transmission GmbH,Germany: Berlin,Full-time,27/04/2025,https://europa.eu/eures/portal/jv-se/jv-details/MTIzMzYtYTI1ZjUzMmowNDE1OTg5LVMgMQ?lang=en,Stellenangebotsbeschreibung:  Hier entwickle ich Softwarekomponenten und -anwendungen im Projekt „MCCS Grid Analysis“ und treibe somit die digitale Energiewende voran.â€¯  Das macht diesen Job für mich interessant: 50Hertz steht an der Spitze der Ene...,1745938429,"Holleczek10178 Berlin, Deutschland, BerlinBerlin  -Germany","Gewünschte Bewerbungsarten: über Internet

Internetadresse: https://jobs.jobspreader.com/viewjob-6c2yn?utm_source=jsba-premium&utm_medium=n-a&utm_campaign=it&utm_term=python-developer-w-m-d

Stellenangebot-Details in der Jobsuche der BA aufrufen:12336-a25f532j0415989-S","Hier entwickle ich Softwarekomponenten und -anwendungen im Projekt „MCCS Grid Analysis“ und treibe somit die digitale Energiewende voran.â€¯Das macht diesen Job für mich interessant: 50Hertz steht an der Spitze der Energiewende. Bei 50Hertz kann ich etwas Sinnvolles bewirken und Werte für eine Organisation schaffen, die die Sicherheit der Energieversorgung für 18 Millionen Menschen gewährleistet. Als Entwicklerin werde ich Teil einer internationalen Entwicklungsabteilung sein, in der Fachleute wie Softwareingenieurinnen und Architektinnen zusammenarbeiten, die sich auf die Entwicklung und Wartung hochwertiger, skalierbarer und effizienter Softwarelösungen spezialisiert haben. Dabei kann ich meine Stärken kontinuierlich ausbauen, mein Wissen weitergeben und von meinen Fachkolleginnen lernen.Meine Aufgaben:· Entwicklung von sauberem und effizientem Code auf der Grundlage vonSpezifikationen und Richtlinien,· Entwicklung, Pflege und Nutzung von Deployment-Pipelines (nach demParadigma „Infrastructure as Code“),· Aufbau und Bereitstellung von Python-Diensten in Kubernetes,· Einrichtung von Automatisierungs- / Testskripten zur Unterstützung vonSpezialistinnen bei der Durchführung von Funktions- und Qualitätstests, · Behebung von Programmierproblemen und Gewährleistung einer produktiven Arbeitsumgebung, · Wartung und regelmäßige Verbesserung der bestehenden Software, · Analysieren und Testen vor der Markteinführung, · Gewährleistung der Softwaresicherheit durch Entwicklung von Programmen zur aktiven Überwachung der Offenlegung privater Informationen, · Entwicklung von Optimierungsmodulen für die Grid Analysis auf der Grundlage vorgegebener Anwenderinnen berichte,· Teilnahme am 24/7 Bereitschaftsdienst für den Support.*Meine Kompetenzen: *· Abgeschlossenes Studium der (Wirtschafts-) Informatik oder einevergleichbare Fachrichtung,· Mind. 5 Jahre Berufserfahrung in der Programmierung mit Python (Stack:fastapi, poetry, ruff, black, pandas, protobuf, confluent-kafka, K8s,Azure-Pipelines, helm),· Erfahrung mit Web-Integrationstechnologien wie bspw. REST,· Konzeptuelles Wissen über Dependency Injection, Software DesignPatterns und continuous Integration,· Versierter Umgang mit Angular oder React,· Sprachkenntnisse: Fließendes Englisch (C1) und Deutsch (B2).Kein Muss, aber von Vorteil:· Erfahrung mit der Entwicklung in einer Cloud-Umgebung (öffentliche undprivate Cloud),· Verständnis von CIM/CGMES-Datenmodellen,· Verständnis von Grid Analysis Toolchains / Architekturen (mat.Programmiersprache, Solver-Kopplung).Flexikompass - so flexibel ist diese Stelle· Arbeitszeit: 37 Wochenstunden (Vollzeit),· Flexible Arbeitszeiten mit Langzeitkonto zur Unterstützung IhrerWork-Life-Balance,· 30 Tage Urlaub,· Die Zahl der Gleittage ist nicht begrenzt,· Keine Kernarbeitszeit,· Mobiles Arbeiten (auch von zuhause) möglich.",,2025-04-29 14:53:49.911548,,,eures,,"[""https://jobs.jobspreader.com/viewjob-6c2yn?utm_source=jsba-premium&utm_medium=n-a&utm_campaign=it&utm_term=python-developer-w-m-d"", ""https://www.arbeitsagentur.de/jobsuche/jobdetail/12336-a25f532j0415989-S""]",,,Holleczek,,"[""job""]",
1,Softwareentwickler (m/w/d) Python,FERCHAU GmbH Niederlassung Friedrichshafen,Friedrichshafen (88046),,vor 18 Tagen,https://www.arbeitsagentur.de/jobsuche/jobdetail/12265-271357_JB4726482-S,"Softwareentwickler (m/w/d) Python
Kopfbereich
Arbeit
Softwareentwickler/in
Softwareentwickler (m/w/d) Python
FERCHAU GmbH Niederlassung Friedrichshafen
Vollzeit
Friedrichshafen
ab sofort
vor 18 Tagen
Stellenbeschreibung
Stelle im Rahmen der Arbeitnehmerüberlassung
Die besten Köpfe für die unterschie...",1745938419,"Application Links:
Apply URL: https://www.arbeitsagentur.de/jobsuche/suche?kundennummer=IEmRAmmdcwCJ2UADe6gXdCpJsYW9a6DAalpdm99Z2F8=__del__FERCHAU%20GmbH%20Niederlassung%20Friedrichshafen&amp;angebotsart=1
Apply URL: https://www.arbeitsagentur.de/jobsuche/jobdetail/12265-271357_JB4726482-S",,"Softwareentwickler (m/w/d) Python
Kopfbereich
Arbeit
Softwareentwickler/in
Softwareentwickler (m/w/d) Python
FERCHAU GmbH Niederlassung Friedrichshafen
Vollzeit
Friedrichshafen
ab sofort
vor 18 Tagen
Stellenbeschreibung
Stelle im Rahmen der Arbeitnehmerüberlassung
Die besten Köpfe für die unterschiedlichsten Aufgaben zu finden sowie Menschen und Technologien zu verbinden, und zwar täglich aufs Neue - dafür schätzen unsere Kunden FERCHAU. Unterstütze uns: als ambitionierte:r Mitarbeitende:r für einen unserer Kunden. Wir realisieren spannende Projekte für namhafte Kunden in allen Technologiebereichen und für alle Branchen
Softwareentwickler (m/w/d) Python
Ihre Aufgaben:
Dein Aufgabengebiet
Agile Konzeption und Umsetzung unserer neuen Enterprise-Lösung
Umsetzung komplexer Anforderungen im Backend unter Linux mit Docker und Python
Anwendung innovativer Technologien wie Python, JavaScript, relationalen Datenbanken sowie Zeitreihendatenbanken
Erfassung von Anforderungen und Entwicklung von Lösungskonzepten
Enge Zusammenarbeit mit internen und externen Teams
Begleitung des Software Life Cycles
Marktbeobachtungen sowie Bewertung und Auswahl zukünftig genutzter Technologien
Deine Vorteile bei uns",,2025-04-29 14:53:39.891845,,,Arbeitsagentur.de (Jobsuche),,"Apply URL: https://www.arbeitsagentur.de/jobsuche/suche?kundennummer=IEmRAmmdcwCJ2UADe6gXdCpJsYW9a6DAalpdm99Z2F8=__del__FERCHAU%20GmbH%20Niederlassung%20Friedrichshafen&amp;angebotsart=1
Apply URL: https://www.arbeitsagentur.de/jobsuche/jobdetail/12265-271357_JB4726482-S",vor 18 Tagen,,,,"[""job""]",
